DEBUG - 2026-09-20 13:54:40 --> Session: Class initialized using 'CodeIgniter\Session\Handlers\FileHandler' driver.
DEBUG - 2026-09-20 13:54:48 --> Session: Class initialized using 'CodeIgniter\Session\Handlers\FileHandler' driver.
DEBUG - 2026-09-20 13:54:48 --> Session: Class initialized using 'CodeIgniter\Session\Handlers\FileHandler' driver.
DEBUG - 2026-09-20 13:54:55 --> Session: Class initialized using 'CodeIgniter\Session\Handlers\FileHandler' driver.
DEBUG - 2026-09-20 13:56:02 --> Session: Class initialized using 'CodeIgniter\Session\Handlers\FileHandler' driver.
DEBUG - 2026-09-20 14:11:52 --> Session: Class initialized using 'CodeIgniter\Session\Handlers\FileHandler' driver.
DEBUG - 2026-09-20 14:11:55 --> Session: Class initialized using 'CodeIgniter\Session\Handlers\FileHandler' driver.
DEBUG - 2026-09-20 14:11:59 --> Session: Class initialized using 'CodeIgniter\Session\Handlers\FileHandler' driver.
DEBUG - 2026-09-20 14:11:59 --> Session: Class initialized using 'CodeIgniter\Session\Handlers\FileHandler' driver.
DEBUG - 2026-09-20 14:12:03 --> Session: Class initialized using 'CodeIgniter\Session\Handlers\FileHandler' driver.
DEBUG - 2026-09-20 14:12:03 --> Session: Class initialized using 'CodeIgniter\Session\Handlers\FileHandler' driver.
DEBUG - 2026-09-20 14:12:04 --> Session: Class initialized using 'CodeIgniter\Session\Handlers\FileHandler' driver.
DEBUG - 2026-09-20 14:12:04 --> Session: Class initialized using 'CodeIgniter\Session\Handlers\FileHandler' driver.
DEBUG - 2026-09-20 14:12:38 --> Session: Class initialized using 'CodeIgniter\Session\Handlers\FileHandler' driver.
DEBUG - 2026-09-20 14:12:38 --> Session: Class initialized using 'CodeIgniter\Session\Handlers\FileHandler' driver.
DEBUG - 2026-09-20 14:13:00 --> Session: Class initialized using 'CodeIgniter\Session\Handlers\FileHandler' driver.
DEBUG - 2026-09-20 14:13:01 --> Session: Class initialized using 'CodeIgniter\Session\Handlers\FileHandler' driver.
DEBUG - 2026-09-20 14:13:08 --> Session: Class initialized using 'CodeIgniter\Session\Handlers\FileHandler' driver.
DEBUG - 2026-09-20 14:13:08 --> Session: Class initialized using 'CodeIgniter\Session\Handlers\FileHandler' driver.
DEBUG - 2026-09-20 14:20:40 --> Session: Class initialized using 'CodeIgniter\Session\Handlers\FileHandler' driver.
DEBUG - 2026-09-20 14:20:42 --> Session: Class initialized using 'CodeIgniter\Session\Handlers\FileHandler' driver.
DEBUG - 2026-09-20 14:20:44 --> Session: Class initialized using 'CodeIgniter\Session\Handlers\FileHandler' driver.
DEBUG - 2026-09-20 14:21:56 --> Session: Class initialized using 'CodeIgniter\Session\Handlers\FileHandler' driver.
DEBUG - 2026-09-20 14:21:58 --> Session: Class initialized using 'CodeIgniter\Session\Handlers\FileHandler' driver.
DEBUG - 2026-09-20 14:22:41 --> Session: Class initialized using 'CodeIgniter\Session\Handlers\FileHandler' driver.
DEBUG - 2026-09-20 14:29:36 --> Session: Class initialized using 'CodeIgniter\Session\Handlers\FileHandler' driver.
ERROR - 2026-09-20 14:29:36 --> Unknown column 'sale.user_id' in 'on clause'
in SYSTEMPATH\Database\MySQLi\Connection.php on line 300.
 1 SYSTEMPATH\Database\MySQLi\Connection.php(300): mysqli->query('SELECT `sale`.`sale_id`, `sale`.`sale_date`, `user`.`username`, COUNT(sale_item.sale_item_id) AS items, `sale`.`total_amount`, `sale`.`status`
FROM `sale`
LEFT JOIN `sale_item` ON `sale`.`sale_id` = `sale_item`.`sale_id`
LEFT JOIN `user` ON `sale`.`user_id` = `user`.`user_id`
GROUP BY `sale`.`sale_id`
ORDER BY `sale`.`sale_date` DESC
 LIMIT 50', 0)
 2 SYSTEMPATH\Database\BaseConnection.php(908): CodeIgniter\Database\MySQLi\Connection->execute('SELECT `sale`.`sale_id`, `sale`.`sale_date`, `user`.`username`, COUNT(sale_item.sale_item_id) AS items, `sale`.`total_amount`, `sale`.`status`
FROM `sale`
LEFT JOIN `sale_item` ON `sale`.`sale_id` = `sale_item`.`sale_id`
LEFT JOIN `user` ON `sale`.`user_id` = `user`.`user_id`
GROUP BY `sale`.`sale_id`
ORDER BY `sale`.`sale_date` DESC
 LIMIT 50')
 3 SYSTEMPATH\Database\BaseConnection.php(825): CodeIgniter\Database\BaseConnection->simpleQuery('SELECT `sale`.`sale_id`, `sale`.`sale_date`, `user`.`username`, COUNT(sale_item.sale_item_id) AS items, `sale`.`total_amount`, `sale`.`status`
FROM `sale`
LEFT JOIN `sale_item` ON `sale`.`sale_id` = `sale_item`.`sale_id`
LEFT JOIN `user` ON `sale`.`user_id` = `user`.`user_id`
GROUP BY `sale`.`sale_id`
ORDER BY `sale`.`sale_date` DESC
 LIMIT 50')
 4 SYSTEMPATH\Database\BaseBuilder.php(1647): CodeIgniter\Database\BaseConnection->query('SELECT `sale`.`sale_id`, `sale`.`sale_date`, `user`.`username`, COUNT(sale_item.sale_item_id) AS items, `sale`.`total_amount`, `sale`.`status`
FROM `sale`
LEFT JOIN `sale_item` ON `sale`.`sale_id` = `sale_item`.`sale_id`
LEFT JOIN `user` ON `sale`.`user_id` = `user`.`user_id`
GROUP BY `sale`.`sale_id`
ORDER BY `sale`.`sale_date` DESC
 LIMIT 50', [], false)
 5 SYSTEMPATH\Model.php(255): CodeIgniter\Database\BaseBuilder->get()
 6 SYSTEMPATH\BaseModel.php(676): CodeIgniter\Model->doFindAll(0, 0)
 7 APPPATH\Controllers\sales.php(31): CodeIgniter\BaseModel->findAll()
 8 SYSTEMPATH\CodeIgniter.php(974): App\Controllers\Sales->saleshomepage()
 9 SYSTEMPATH\CodeIgniter.php(520): CodeIgniter\CodeIgniter->runController(Object(App\Controllers\Sales))
10 SYSTEMPATH\CodeIgniter.php(363): CodeIgniter\CodeIgniter->handleRequest(null, Object(Config\Cache), false)
11 SYSTEMPATH\Boot.php(417): CodeIgniter\CodeIgniter->run()
12 SYSTEMPATH\Boot.php(68): CodeIgniter\Boot::runCodeIgniter(Object(CodeIgniter\CodeIgniter))
13 FCPATH\index.php(59): CodeIgniter\Boot::bootWeb(Object(Config\Paths))
14 SYSTEMPATH\rewrite.php(44): require_once('C:\\laragon\\www\\POS_SYSTEM\\public\\index.php')
CRITICAL - 2026-09-20 14:29:36 --> CodeIgniter\Database\Exceptions\DatabaseException: Unknown column 'sale.user_id' in 'on clause'
[Method: GET, Route: sales]
in SYSTEMPATH\Database\BaseConnection.php on line 863.
 1 SYSTEMPATH\Database\BaseBuilder.php(1647): CodeIgniter\Database\BaseConnection->query('SELECT `sale`.`sale_id`, `sale`.`sale_date`, `user`.`username`, COUNT(sale_item.sale_item_id) AS items, `sale`.`total_amount`, `sale`.`status`
FROM `sale`
LEFT JOIN `sale_item` ON `sale`.`sale_id` = `sale_item`.`sale_id`
LEFT JOIN `user` ON `sale`.`user_id` = `user`.`user_id`
GROUP BY `sale`.`sale_id`
ORDER BY `sale`.`sale_date` DESC
 LIMIT 50', [], false)
 2 SYSTEMPATH\Model.php(255): CodeIgniter\Database\BaseBuilder->get()
 3 SYSTEMPATH\BaseModel.php(676): CodeIgniter\Model->doFindAll(0, 0)
 4 APPPATH\Controllers\sales.php(31): CodeIgniter\BaseModel->findAll()
 5 SYSTEMPATH\CodeIgniter.php(974): App\Controllers\Sales->saleshomepage()
 6 SYSTEMPATH\CodeIgniter.php(520): CodeIgniter\CodeIgniter->runController(Object(App\Controllers\Sales))
 7 SYSTEMPATH\CodeIgniter.php(363): CodeIgniter\CodeIgniter->handleRequest(null, Object(Config\Cache), false)
 8 SYSTEMPATH\Boot.php(417): CodeIgniter\CodeIgniter->run()
 9 SYSTEMPATH\Boot.php(68): CodeIgniter\Boot::runCodeIgniter(Object(CodeIgniter\CodeIgniter))
10 FCPATH\index.php(59): CodeIgniter\Boot::bootWeb(Object(Config\Paths))
11 SYSTEMPATH\rewrite.php(44): require_once('C:\\laragon\\www\\POS_SYSTEM\\public\\index.php')
CRITICAL - 2026-09-20 14:29:36 --> [Caused by] CodeIgniter\Database\Exceptions\DatabaseException: Unknown column 'sale.user_id' in 'on clause'
in SYSTEMPATH\Database\MySQLi\Connection.php on line 310.
 1 SYSTEMPATH\Database\BaseConnection.php(908): CodeIgniter\Database\MySQLi\Connection->execute('SELECT `sale`.`sale_id`, `sale`.`sale_date`, `user`.`username`, COUNT(sale_item.sale_item_id) AS items, `sale`.`total_amount`, `sale`.`status`
FROM `sale`
LEFT JOIN `sale_item` ON `sale`.`sale_id` = `sale_item`.`sale_id`
LEFT JOIN `user` ON `sale`.`user_id` = `user`.`user_id`
GROUP BY `sale`.`sale_id`
ORDER BY `sale`.`sale_date` DESC
 LIMIT 50')
 2 SYSTEMPATH\Database\BaseConnection.php(825): CodeIgniter\Database\BaseConnection->simpleQuery('SELECT `sale`.`sale_id`, `sale`.`sale_date`, `user`.`username`, COUNT(sale_item.sale_item_id) AS items, `sale`.`total_amount`, `sale`.`status`
FROM `sale`
LEFT JOIN `sale_item` ON `sale`.`sale_id` = `sale_item`.`sale_id`
LEFT JOIN `user` ON `sale`.`user_id` = `user`.`user_id`
GROUP BY `sale`.`sale_id`
ORDER BY `sale`.`sale_date` DESC
 LIMIT 50')
 3 SYSTEMPATH\Database\BaseBuilder.php(1647): CodeIgniter\Database\BaseConnection->query('SELECT `sale`.`sale_id`, `sale`.`sale_date`, `user`.`username`, COUNT(sale_item.sale_item_id) AS items, `sale`.`total_amount`, `sale`.`status`
FROM `sale`
LEFT JOIN `sale_item` ON `sale`.`sale_id` = `sale_item`.`sale_id`
LEFT JOIN `user` ON `sale`.`user_id` = `user`.`user_id`
GROUP BY `sale`.`sale_id`
ORDER BY `sale`.`sale_date` DESC
 LIMIT 50', [], false)
 4 SYSTEMPATH\Model.php(255): CodeIgniter\Database\BaseBuilder->get()
 5 SYSTEMPATH\BaseModel.php(676): CodeIgniter\Model->doFindAll(0, 0)
 6 APPPATH\Controllers\sales.php(31): CodeIgniter\BaseModel->findAll()
 7 SYSTEMPATH\CodeIgniter.php(974): App\Controllers\Sales->saleshomepage()
 8 SYSTEMPATH\CodeIgniter.php(520): CodeIgniter\CodeIgniter->runController(Object(App\Controllers\Sales))
 9 SYSTEMPATH\CodeIgniter.php(363): CodeIgniter\CodeIgniter->handleRequest(null, Object(Config\Cache), false)
10 SYSTEMPATH\Boot.php(417): CodeIgniter\CodeIgniter->run()
11 SYSTEMPATH\Boot.php(68): CodeIgniter\Boot::runCodeIgniter(Object(CodeIgniter\CodeIgniter))
12 FCPATH\index.php(59): CodeIgniter\Boot::bootWeb(Object(Config\Paths))
13 SYSTEMPATH\rewrite.php(44): require_once('C:\\laragon\\www\\POS_SYSTEM\\public\\index.php')
CRITICAL - 2026-09-20 14:29:36 --> [Caused by] mysqli_sql_exception: Unknown column 'sale.user_id' in 'on clause'
in SYSTEMPATH\Database\MySQLi\Connection.php on line 300.
 1 SYSTEMPATH\Database\MySQLi\Connection.php(300): mysqli->query('SELECT `sale`.`sale_id`, `sale`.`sale_date`, `user`.`username`, COUNT(sale_item.sale_item_id) AS items, `sale`.`total_amount`, `sale`.`status`
FROM `sale`
LEFT JOIN `sale_item` ON `sale`.`sale_id` = `sale_item`.`sale_id`
LEFT JOIN `user` ON `sale`.`user_id` = `user`.`user_id`
GROUP BY `sale`.`sale_id`
ORDER BY `sale`.`sale_date` DESC
 LIMIT 50', 0)
 2 SYSTEMPATH\Database\BaseConnection.php(908): CodeIgniter\Database\MySQLi\Connection->execute('SELECT `sale`.`sale_id`, `sale`.`sale_date`, `user`.`username`, COUNT(sale_item.sale_item_id) AS items, `sale`.`total_amount`, `sale`.`status`
FROM `sale`
LEFT JOIN `sale_item` ON `sale`.`sale_id` = `sale_item`.`sale_id`
LEFT JOIN `user` ON `sale`.`user_id` = `user`.`user_id`
GROUP BY `sale`.`sale_id`
ORDER BY `sale`.`sale_date` DESC
 LIMIT 50')
 3 SYSTEMPATH\Database\BaseConnection.php(825): CodeIgniter\Database\BaseConnection->simpleQuery('SELECT `sale`.`sale_id`, `sale`.`sale_date`, `user`.`username`, COUNT(sale_item.sale_item_id) AS items, `sale`.`total_amount`, `sale`.`status`
FROM `sale`
LEFT JOIN `sale_item` ON `sale`.`sale_id` = `sale_item`.`sale_id`
LEFT JOIN `user` ON `sale`.`user_id` = `user`.`user_id`
GROUP BY `sale`.`sale_id`
ORDER BY `sale`.`sale_date` DESC
 LIMIT 50')
 4 SYSTEMPATH\Database\BaseBuilder.php(1647): CodeIgniter\Database\BaseConnection->query('SELECT `sale`.`sale_id`, `sale`.`sale_date`, `user`.`username`, COUNT(sale_item.sale_item_id) AS items, `sale`.`total_amount`, `sale`.`status`
FROM `sale`
LEFT JOIN `sale_item` ON `sale`.`sale_id` = `sale_item`.`sale_id`
LEFT JOIN `user` ON `sale`.`user_id` = `user`.`user_id`
GROUP BY `sale`.`sale_id`
ORDER BY `sale`.`sale_date` DESC
 LIMIT 50', [], false)
 5 SYSTEMPATH\Model.php(255): CodeIgniter\Database\BaseBuilder->get()
 6 SYSTEMPATH\BaseModel.php(676): CodeIgniter\Model->doFindAll(0, 0)
 7 APPPATH\Controllers\sales.php(31): CodeIgniter\BaseModel->findAll()
 8 SYSTEMPATH\CodeIgniter.php(974): App\Controllers\Sales->saleshomepage()
 9 SYSTEMPATH\CodeIgniter.php(520): CodeIgniter\CodeIgniter->runController(Object(App\Controllers\Sales))
10 SYSTEMPATH\CodeIgniter.php(363): CodeIgniter\CodeIgniter->handleRequest(null, Object(Config\Cache), false)
11 SYSTEMPATH\Boot.php(417): CodeIgniter\CodeIgniter->run()
12 SYSTEMPATH\Boot.php(68): CodeIgniter\Boot::runCodeIgniter(Object(CodeIgniter\CodeIgniter))
13 FCPATH\index.php(59): CodeIgniter\Boot::bootWeb(Object(Config\Paths))
14 SYSTEMPATH\rewrite.php(44): require_once('C:\\laragon\\www\\POS_SYSTEM\\public\\index.php')
DEBUG - 2026-09-20 14:34:13 --> Session: Class initialized using 'CodeIgniter\Session\Handlers\FileHandler' driver.
ERROR - 2026-09-20 14:34:13 --> Unknown column 'user.username' in 'field list'
in SYSTEMPATH\Database\MySQLi\Connection.php on line 300.
 1 SYSTEMPATH\Database\MySQLi\Connection.php(300): mysqli->query('SELECT `sale`.`sale_id`, `sale`.`sale_date`, `user`.`username`, COUNT(sale_item.sale_item_id) AS items, `sale`.`total_amount`, `sale`.`status`
FROM `sale`
LEFT JOIN `sale_item` ON `sale`.`sale_id` = `sale_item`.`sale_id`
GROUP BY `sale`.`sale_id`
ORDER BY `sale`.`sale_date` DESC
 LIMIT 50', 0)
 2 SYSTEMPATH\Database\BaseConnection.php(908): CodeIgniter\Database\MySQLi\Connection->execute('SELECT `sale`.`sale_id`, `sale`.`sale_date`, `user`.`username`, COUNT(sale_item.sale_item_id) AS items, `sale`.`total_amount`, `sale`.`status`
FROM `sale`
LEFT JOIN `sale_item` ON `sale`.`sale_id` = `sale_item`.`sale_id`
GROUP BY `sale`.`sale_id`
ORDER BY `sale`.`sale_date` DESC
 LIMIT 50')
 3 SYSTEMPATH\Database\BaseConnection.php(825): CodeIgniter\Database\BaseConnection->simpleQuery('SELECT `sale`.`sale_id`, `sale`.`sale_date`, `user`.`username`, COUNT(sale_item.sale_item_id) AS items, `sale`.`total_amount`, `sale`.`status`
FROM `sale`
LEFT JOIN `sale_item` ON `sale`.`sale_id` = `sale_item`.`sale_id`
GROUP BY `sale`.`sale_id`
ORDER BY `sale`.`sale_date` DESC
 LIMIT 50')
 4 SYSTEMPATH\Database\BaseBuilder.php(1647): CodeIgniter\Database\BaseConnection->query('SELECT `sale`.`sale_id`, `sale`.`sale_date`, `user`.`username`, COUNT(sale_item.sale_item_id) AS items, `sale`.`total_amount`, `sale`.`status`
FROM `sale`
LEFT JOIN `sale_item` ON `sale`.`sale_id` = `sale_item`.`sale_id`
GROUP BY `sale`.`sale_id`
ORDER BY `sale`.`sale_date` DESC
 LIMIT 50', [], false)
 5 SYSTEMPATH\Model.php(255): CodeIgniter\Database\BaseBuilder->get()
 6 SYSTEMPATH\BaseModel.php(676): CodeIgniter\Model->doFindAll(0, 0)
 7 APPPATH\Controllers\sales.php(31): CodeIgniter\BaseModel->findAll()
 8 SYSTEMPATH\CodeIgniter.php(974): App\Controllers\Sales->saleshomepage()
 9 SYSTEMPATH\CodeIgniter.php(520): CodeIgniter\CodeIgniter->runController(Object(App\Controllers\Sales))
10 SYSTEMPATH\CodeIgniter.php(363): CodeIgniter\CodeIgniter->handleRequest(null, Object(Config\Cache), false)
11 SYSTEMPATH\Boot.php(417): CodeIgniter\CodeIgniter->run()
12 SYSTEMPATH\Boot.php(68): CodeIgniter\Boot::runCodeIgniter(Object(CodeIgniter\CodeIgniter))
13 FCPATH\index.php(59): CodeIgniter\Boot::bootWeb(Object(Config\Paths))
14 SYSTEMPATH\rewrite.php(44): require_once('C:\\laragon\\www\\POS_SYSTEM\\public\\index.php')
CRITICAL - 2026-09-20 14:34:13 --> CodeIgniter\Database\Exceptions\DatabaseException: Unknown column 'user.username' in 'field list'
[Method: GET, Route: sales]
in SYSTEMPATH\Database\BaseConnection.php on line 863.
 1 SYSTEMPATH\Database\BaseBuilder.php(1647): CodeIgniter\Database\BaseConnection->query('SELECT `sale`.`sale_id`, `sale`.`sale_date`, `user`.`username`, COUNT(sale_item.sale_item_id) AS items, `sale`.`total_amount`, `sale`.`status`
FROM `sale`
LEFT JOIN `sale_item` ON `sale`.`sale_id` = `sale_item`.`sale_id`
GROUP BY `sale`.`sale_id`
ORDER BY `sale`.`sale_date` DESC
 LIMIT 50', [], false)
 2 SYSTEMPATH\Model.php(255): CodeIgniter\Database\BaseBuilder->get()
 3 SYSTEMPATH\BaseModel.php(676): CodeIgniter\Model->doFindAll(0, 0)
 4 APPPATH\Controllers\sales.php(31): CodeIgniter\BaseModel->findAll()
 5 SYSTEMPATH\CodeIgniter.php(974): App\Controllers\Sales->saleshomepage()
 6 SYSTEMPATH\CodeIgniter.php(520): CodeIgniter\CodeIgniter->runController(Object(App\Controllers\Sales))
 7 SYSTEMPATH\CodeIgniter.php(363): CodeIgniter\CodeIgniter->handleRequest(null, Object(Config\Cache), false)
 8 SYSTEMPATH\Boot.php(417): CodeIgniter\CodeIgniter->run()
 9 SYSTEMPATH\Boot.php(68): CodeIgniter\Boot::runCodeIgniter(Object(CodeIgniter\CodeIgniter))
10 FCPATH\index.php(59): CodeIgniter\Boot::bootWeb(Object(Config\Paths))
11 SYSTEMPATH\rewrite.php(44): require_once('C:\\laragon\\www\\POS_SYSTEM\\public\\index.php')
CRITICAL - 2026-09-20 14:34:13 --> [Caused by] CodeIgniter\Database\Exceptions\DatabaseException: Unknown column 'user.username' in 'field list'
in SYSTEMPATH\Database\MySQLi\Connection.php on line 310.
 1 SYSTEMPATH\Database\BaseConnection.php(908): CodeIgniter\Database\MySQLi\Connection->execute('SELECT `sale`.`sale_id`, `sale`.`sale_date`, `user`.`username`, COUNT(sale_item.sale_item_id) AS items, `sale`.`total_amount`, `sale`.`status`
FROM `sale`
LEFT JOIN `sale_item` ON `sale`.`sale_id` = `sale_item`.`sale_id`
GROUP BY `sale`.`sale_id`
ORDER BY `sale`.`sale_date` DESC
 LIMIT 50')
 2 SYSTEMPATH\Database\BaseConnection.php(825): CodeIgniter\Database\BaseConnection->simpleQuery('SELECT `sale`.`sale_id`, `sale`.`sale_date`, `user`.`username`, COUNT(sale_item.sale_item_id) AS items, `sale`.`total_amount`, `sale`.`status`
FROM `sale`
LEFT JOIN `sale_item` ON `sale`.`sale_id` = `sale_item`.`sale_id`
GROUP BY `sale`.`sale_id`
ORDER BY `sale`.`sale_date` DESC
 LIMIT 50')
 3 SYSTEMPATH\Database\BaseBuilder.php(1647): CodeIgniter\Database\BaseConnection->query('SELECT `sale`.`sale_id`, `sale`.`sale_date`, `user`.`username`, COUNT(sale_item.sale_item_id) AS items, `sale`.`total_amount`, `sale`.`status`
FROM `sale`
LEFT JOIN `sale_item` ON `sale`.`sale_id` = `sale_item`.`sale_id`
GROUP BY `sale`.`sale_id`
ORDER BY `sale`.`sale_date` DESC
 LIMIT 50', [], false)
 4 SYSTEMPATH\Model.php(255): CodeIgniter\Database\BaseBuilder->get()
 5 SYSTEMPATH\BaseModel.php(676): CodeIgniter\Model->doFindAll(0, 0)
 6 APPPATH\Controllers\sales.php(31): CodeIgniter\BaseModel->findAll()
 7 SYSTEMPATH\CodeIgniter.php(974): App\Controllers\Sales->saleshomepage()
 8 SYSTEMPATH\CodeIgniter.php(520): CodeIgniter\CodeIgniter->runController(Object(App\Controllers\Sales))
 9 SYSTEMPATH\CodeIgniter.php(363): CodeIgniter\CodeIgniter->handleRequest(null, Object(Config\Cache), false)
10 SYSTEMPATH\Boot.php(417): CodeIgniter\CodeIgniter->run()
11 SYSTEMPATH\Boot.php(68): CodeIgniter\Boot::runCodeIgniter(Object(CodeIgniter\CodeIgniter))
12 FCPATH\index.php(59): CodeIgniter\Boot::bootWeb(Object(Config\Paths))
13 SYSTEMPATH\rewrite.php(44): require_once('C:\\laragon\\www\\POS_SYSTEM\\public\\index.php')
CRITICAL - 2026-09-20 14:34:13 --> [Caused by] mysqli_sql_exception: Unknown column 'user.username' in 'field list'
in SYSTEMPATH\Database\MySQLi\Connection.php on line 300.
 1 SYSTEMPATH\Database\MySQLi\Connection.php(300): mysqli->query('SELECT `sale`.`sale_id`, `sale`.`sale_date`, `user`.`username`, COUNT(sale_item.sale_item_id) AS items, `sale`.`total_amount`, `sale`.`status`
FROM `sale`
LEFT JOIN `sale_item` ON `sale`.`sale_id` = `sale_item`.`sale_id`
GROUP BY `sale`.`sale_id`
ORDER BY `sale`.`sale_date` DESC
 LIMIT 50', 0)
 2 SYSTEMPATH\Database\BaseConnection.php(908): CodeIgniter\Database\MySQLi\Connection->execute('SELECT `sale`.`sale_id`, `sale`.`sale_date`, `user`.`username`, COUNT(sale_item.sale_item_id) AS items, `sale`.`total_amount`, `sale`.`status`
FROM `sale`
LEFT JOIN `sale_item` ON `sale`.`sale_id` = `sale_item`.`sale_id`
GROUP BY `sale`.`sale_id`
ORDER BY `sale`.`sale_date` DESC
 LIMIT 50')
 3 SYSTEMPATH\Database\BaseConnection.php(825): CodeIgniter\Database\BaseConnection->simpleQuery('SELECT `sale`.`sale_id`, `sale`.`sale_date`, `user`.`username`, COUNT(sale_item.sale_item_id) AS items, `sale`.`total_amount`, `sale`.`status`
FROM `sale`
LEFT JOIN `sale_item` ON `sale`.`sale_id` = `sale_item`.`sale_id`
GROUP BY `sale`.`sale_id`
ORDER BY `sale`.`sale_date` DESC
 LIMIT 50')
 4 SYSTEMPATH\Database\BaseBuilder.php(1647): CodeIgniter\Database\BaseConnection->query('SELECT `sale`.`sale_id`, `sale`.`sale_date`, `user`.`username`, COUNT(sale_item.sale_item_id) AS items, `sale`.`total_amount`, `sale`.`status`
FROM `sale`
LEFT JOIN `sale_item` ON `sale`.`sale_id` = `sale_item`.`sale_id`
GROUP BY `sale`.`sale_id`
ORDER BY `sale`.`sale_date` DESC
 LIMIT 50', [], false)
 5 SYSTEMPATH\Model.php(255): CodeIgniter\Database\BaseBuilder->get()
 6 SYSTEMPATH\BaseModel.php(676): CodeIgniter\Model->doFindAll(0, 0)
 7 APPPATH\Controllers\sales.php(31): CodeIgniter\BaseModel->findAll()
 8 SYSTEMPATH\CodeIgniter.php(974): App\Controllers\Sales->saleshomepage()
 9 SYSTEMPATH\CodeIgniter.php(520): CodeIgniter\CodeIgniter->runController(Object(App\Controllers\Sales))
10 SYSTEMPATH\CodeIgniter.php(363): CodeIgniter\CodeIgniter->handleRequest(null, Object(Config\Cache), false)
11 SYSTEMPATH\Boot.php(417): CodeIgniter\CodeIgniter->run()
12 SYSTEMPATH\Boot.php(68): CodeIgniter\Boot::runCodeIgniter(Object(CodeIgniter\CodeIgniter))
13 FCPATH\index.php(59): CodeIgniter\Boot::bootWeb(Object(Config\Paths))
14 SYSTEMPATH\rewrite.php(44): require_once('C:\\laragon\\www\\POS_SYSTEM\\public\\index.php')
DEBUG - 2026-09-20 14:35:55 --> Session: Class initialized using 'CodeIgniter\Session\Handlers\FileHandler' driver.
DEBUG - 2026-09-20 14:36:10 --> Session: Class initialized using 'CodeIgniter\Session\Handlers\FileHandler' driver.
DEBUG - 2026-09-20 14:36:12 --> Session: Class initialized using 'CodeIgniter\Session\Handlers\FileHandler' driver.
DEBUG - 2026-09-20 14:36:14 --> Session: Class initialized using 'CodeIgniter\Session\Handlers\FileHandler' driver.
DEBUG - 2026-09-20 14:36:17 --> Session: Class initialized using 'CodeIgniter\Session\Handlers\FileHandler' driver.
DEBUG - 2026-09-20 14:36:18 --> Session: Class initialized using 'CodeIgniter\Session\Handlers\FileHandler' driver.
DEBUG - 2026-09-20 14:36:20 --> Session: Class initialized using 'CodeIgniter\Session\Handlers\FileHandler' driver.
ERROR - 2026-09-20 14:37:58 --> Unknown column 'sale.user_id' in 'on clause'
in SYSTEMPATH\Database\MySQLi\Connection.php on line 300.
 1 SYSTEMPATH\Database\MySQLi\Connection.php(300): mysqli->query('SELECT `sale`.`sale_id`, `sale`.`sale_date`, `user`.`username`, COUNT(sale_item.sale_item_id) AS items, `sale`.`total_amount`, `sale`.`status`
FROM `sale`
LEFT JOIN `sale_item` ON `sale`.`sale_id` = `sale_item`.`sale_id`
LEFT JOIN `user` ON `sale`.`user_id` = `user`.`user_id`
WHERE `sale`.`sale_date` = \'2026-09-10\'
GROUP BY `sale`.`sale_id`
ORDER BY `sale`.`sale_date` DESC
 LIMIT 50', 0)
 2 SYSTEMPATH\Database\BaseConnection.php(908): CodeIgniter\Database\MySQLi\Connection->execute('SELECT `sale`.`sale_id`, `sale`.`sale_date`, `user`.`username`, COUNT(sale_item.sale_item_id) AS items, `sale`.`total_amount`, `sale`.`status`
FROM `sale`
LEFT JOIN `sale_item` ON `sale`.`sale_id` = `sale_item`.`sale_id`
LEFT JOIN `user` ON `sale`.`user_id` = `user`.`user_id`
WHERE `sale`.`sale_date` = \'2026-09-10\'
GROUP BY `sale`.`sale_id`
ORDER BY `sale`.`sale_date` DESC
 LIMIT 50')
 3 SYSTEMPATH\Database\BaseConnection.php(825): CodeIgniter\Database\BaseConnection->simpleQuery('SELECT `sale`.`sale_id`, `sale`.`sale_date`, `user`.`username`, COUNT(sale_item.sale_item_id) AS items, `sale`.`total_amount`, `sale`.`status`
FROM `sale`
LEFT JOIN `sale_item` ON `sale`.`sale_id` = `sale_item`.`sale_id`
LEFT JOIN `user` ON `sale`.`user_id` = `user`.`user_id`
WHERE `sale`.`sale_date` = \'2026-09-10\'
GROUP BY `sale`.`sale_id`
ORDER BY `sale`.`sale_date` DESC
 LIMIT 50')
 4 SYSTEMPATH\Database\BaseBuilder.php(1647): CodeIgniter\Database\BaseConnection->query('SELECT `sale`.`sale_id`, `sale`.`sale_date`, `user`.`username`, COUNT(sale_item.sale_item_id) AS items, `sale`.`total_amount`, `sale`.`status`
FROM `sale`
LEFT JOIN `sale_item` ON `sale`.`sale_id` = `sale_item`.`sale_id`
LEFT JOIN `user` ON `sale`.`user_id` = `user`.`user_id`
WHERE `sale`.`sale_date` = :sale.sale_date:
GROUP BY `sale`.`sale_id`
ORDER BY `sale`.`sale_date` DESC
 LIMIT 50', [...], false)
 5 SYSTEMPATH\Model.php(255): CodeIgniter\Database\BaseBuilder->get()
 6 SYSTEMPATH\BaseModel.php(676): CodeIgniter\Model->doFindAll(0, 0)
 7 APPPATH\Controllers\sales.php(150): CodeIgniter\BaseModel->findAll()
 8 SYSTEMPATH\CodeIgniter.php(974): App\Controllers\Sales->searchfilter()
 9 SYSTEMPATH\CodeIgniter.php(520): CodeIgniter\CodeIgniter->runController(Object(App\Controllers\Sales))
10 SYSTEMPATH\CodeIgniter.php(363): CodeIgniter\CodeIgniter->handleRequest(null, Object(Config\Cache), false)
11 SYSTEMPATH\Boot.php(417): CodeIgniter\CodeIgniter->run()
12 SYSTEMPATH\Boot.php(68): CodeIgniter\Boot::runCodeIgniter(Object(CodeIgniter\CodeIgniter))
13 FCPATH\index.php(59): CodeIgniter\Boot::bootWeb(Object(Config\Paths))
14 SYSTEMPATH\rewrite.php(44): require_once('C:\\laragon\\www\\POS_SYSTEM\\public\\index.php')
CRITICAL - 2026-09-20 14:37:58 --> CodeIgniter\Database\Exceptions\DatabaseException: Unknown column 'sale.user_id' in 'on clause'
[Method: GET, Route: sales/searchfilter]
in SYSTEMPATH\Database\BaseConnection.php on line 863.
 1 SYSTEMPATH\Database\BaseBuilder.php(1647): CodeIgniter\Database\BaseConnection->query('SELECT `sale`.`sale_id`, `sale`.`sale_date`, `user`.`username`, COUNT(sale_item.sale_item_id) AS items, `sale`.`total_amount`, `sale`.`status`
FROM `sale`
LEFT JOIN `sale_item` ON `sale`.`sale_id` = `sale_item`.`sale_id`
LEFT JOIN `user` ON `sale`.`user_id` = `user`.`user_id`
WHERE `sale`.`sale_date` = :sale.sale_date:
GROUP BY `sale`.`sale_id`
ORDER BY `sale`.`sale_date` DESC
 LIMIT 50', [...], false)
 2 SYSTEMPATH\Model.php(255): CodeIgniter\Database\BaseBuilder->get()
 3 SYSTEMPATH\BaseModel.php(676): CodeIgniter\Model->doFindAll(0, 0)
 4 APPPATH\Controllers\sales.php(150): CodeIgniter\BaseModel->findAll()
 5 SYSTEMPATH\CodeIgniter.php(974): App\Controllers\Sales->searchfilter()
 6 SYSTEMPATH\CodeIgniter.php(520): CodeIgniter\CodeIgniter->runController(Object(App\Controllers\Sales))
 7 SYSTEMPATH\CodeIgniter.php(363): CodeIgniter\CodeIgniter->handleRequest(null, Object(Config\Cache), false)
 8 SYSTEMPATH\Boot.php(417): CodeIgniter\CodeIgniter->run()
 9 SYSTEMPATH\Boot.php(68): CodeIgniter\Boot::runCodeIgniter(Object(CodeIgniter\CodeIgniter))
10 FCPATH\index.php(59): CodeIgniter\Boot::bootWeb(Object(Config\Paths))
11 SYSTEMPATH\rewrite.php(44): require_once('C:\\laragon\\www\\POS_SYSTEM\\public\\index.php')
CRITICAL - 2026-09-20 14:37:58 --> [Caused by] CodeIgniter\Database\Exceptions\DatabaseException: Unknown column 'sale.user_id' in 'on clause'
in SYSTEMPATH\Database\MySQLi\Connection.php on line 310.
 1 SYSTEMPATH\Database\BaseConnection.php(908): CodeIgniter\Database\MySQLi\Connection->execute('SELECT `sale`.`sale_id`, `sale`.`sale_date`, `user`.`username`, COUNT(sale_item.sale_item_id) AS items, `sale`.`total_amount`, `sale`.`status`
FROM `sale`
LEFT JOIN `sale_item` ON `sale`.`sale_id` = `sale_item`.`sale_id`
LEFT JOIN `user` ON `sale`.`user_id` = `user`.`user_id`
WHERE `sale`.`sale_date` = \'2026-09-10\'
GROUP BY `sale`.`sale_id`
ORDER BY `sale`.`sale_date` DESC
 LIMIT 50')
 2 SYSTEMPATH\Database\BaseConnection.php(825): CodeIgniter\Database\BaseConnection->simpleQuery('SELECT `sale`.`sale_id`, `sale`.`sale_date`, `user`.`username`, COUNT(sale_item.sale_item_id) AS items, `sale`.`total_amount`, `sale`.`status`
FROM `sale`
LEFT JOIN `sale_item` ON `sale`.`sale_id` = `sale_item`.`sale_id`
LEFT JOIN `user` ON `sale`.`user_id` = `user`.`user_id`
WHERE `sale`.`sale_date` = \'2026-09-10\'
GROUP BY `sale`.`sale_id`
ORDER BY `sale`.`sale_date` DESC
 LIMIT 50')
 3 SYSTEMPATH\Database\BaseBuilder.php(1647): CodeIgniter\Database\BaseConnection->query('SELECT `sale`.`sale_id`, `sale`.`sale_date`, `user`.`username`, COUNT(sale_item.sale_item_id) AS items, `sale`.`total_amount`, `sale`.`status`
FROM `sale`
LEFT JOIN `sale_item` ON `sale`.`sale_id` = `sale_item`.`sale_id`
LEFT JOIN `user` ON `sale`.`user_id` = `user`.`user_id`
WHERE `sale`.`sale_date` = :sale.sale_date:
GROUP BY `sale`.`sale_id`
ORDER BY `sale`.`sale_date` DESC
 LIMIT 50', [...], false)
 4 SYSTEMPATH\Model.php(255): CodeIgniter\Database\BaseBuilder->get()
 5 SYSTEMPATH\BaseModel.php(676): CodeIgniter\Model->doFindAll(0, 0)
 6 APPPATH\Controllers\sales.php(150): CodeIgniter\BaseModel->findAll()
 7 SYSTEMPATH\CodeIgniter.php(974): App\Controllers\Sales->searchfilter()
 8 SYSTEMPATH\CodeIgniter.php(520): CodeIgniter\CodeIgniter->runController(Object(App\Controllers\Sales))
 9 SYSTEMPATH\CodeIgniter.php(363): CodeIgniter\CodeIgniter->handleRequest(null, Object(Config\Cache), false)
10 SYSTEMPATH\Boot.php(417): CodeIgniter\CodeIgniter->run()
11 SYSTEMPATH\Boot.php(68): CodeIgniter\Boot::runCodeIgniter(Object(CodeIgniter\CodeIgniter))
12 FCPATH\index.php(59): CodeIgniter\Boot::bootWeb(Object(Config\Paths))
13 SYSTEMPATH\rewrite.php(44): require_once('C:\\laragon\\www\\POS_SYSTEM\\public\\index.php')
CRITICAL - 2026-09-20 14:37:58 --> [Caused by] mysqli_sql_exception: Unknown column 'sale.user_id' in 'on clause'
in SYSTEMPATH\Database\MySQLi\Connection.php on line 300.
 1 SYSTEMPATH\Database\MySQLi\Connection.php(300): mysqli->query('SELECT `sale`.`sale_id`, `sale`.`sale_date`, `user`.`username`, COUNT(sale_item.sale_item_id) AS items, `sale`.`total_amount`, `sale`.`status`
FROM `sale`
LEFT JOIN `sale_item` ON `sale`.`sale_id` = `sale_item`.`sale_id`
LEFT JOIN `user` ON `sale`.`user_id` = `user`.`user_id`
WHERE `sale`.`sale_date` = \'2026-09-10\'
GROUP BY `sale`.`sale_id`
ORDER BY `sale`.`sale_date` DESC
 LIMIT 50', 0)
 2 SYSTEMPATH\Database\BaseConnection.php(908): CodeIgniter\Database\MySQLi\Connection->execute('SELECT `sale`.`sale_id`, `sale`.`sale_date`, `user`.`username`, COUNT(sale_item.sale_item_id) AS items, `sale`.`total_amount`, `sale`.`status`
FROM `sale`
LEFT JOIN `sale_item` ON `sale`.`sale_id` = `sale_item`.`sale_id`
LEFT JOIN `user` ON `sale`.`user_id` = `user`.`user_id`
WHERE `sale`.`sale_date` = \'2026-09-10\'
GROUP BY `sale`.`sale_id`
ORDER BY `sale`.`sale_date` DESC
 LIMIT 50')
 3 SYSTEMPATH\Database\BaseConnection.php(825): CodeIgniter\Database\BaseConnection->simpleQuery('SELECT `sale`.`sale_id`, `sale`.`sale_date`, `user`.`username`, COUNT(sale_item.sale_item_id) AS items, `sale`.`total_amount`, `sale`.`status`
FROM `sale`
LEFT JOIN `sale_item` ON `sale`.`sale_id` = `sale_item`.`sale_id`
LEFT JOIN `user` ON `sale`.`user_id` = `user`.`user_id`
WHERE `sale`.`sale_date` = \'2026-09-10\'
GROUP BY `sale`.`sale_id`
ORDER BY `sale`.`sale_date` DESC
 LIMIT 50')
 4 SYSTEMPATH\Database\BaseBuilder.php(1647): CodeIgniter\Database\BaseConnection->query('SELECT `sale`.`sale_id`, `sale`.`sale_date`, `user`.`username`, COUNT(sale_item.sale_item_id) AS items, `sale`.`total_amount`, `sale`.`status`
FROM `sale`
LEFT JOIN `sale_item` ON `sale`.`sale_id` = `sale_item`.`sale_id`
LEFT JOIN `user` ON `sale`.`user_id` = `user`.`user_id`
WHERE `sale`.`sale_date` = :sale.sale_date:
GROUP BY `sale`.`sale_id`
ORDER BY `sale`.`sale_date` DESC
 LIMIT 50', [...], false)
 5 SYSTEMPATH\Model.php(255): CodeIgniter\Database\BaseBuilder->get()
 6 SYSTEMPATH\BaseModel.php(676): CodeIgniter\Model->doFindAll(0, 0)
 7 APPPATH\Controllers\sales.php(150): CodeIgniter\BaseModel->findAll()
 8 SYSTEMPATH\CodeIgniter.php(974): App\Controllers\Sales->searchfilter()
 9 SYSTEMPATH\CodeIgniter.php(520): CodeIgniter\CodeIgniter->runController(Object(App\Controllers\Sales))
10 SYSTEMPATH\CodeIgniter.php(363): CodeIgniter\CodeIgniter->handleRequest(null, Object(Config\Cache), false)
11 SYSTEMPATH\Boot.php(417): CodeIgniter\CodeIgniter->run()
12 SYSTEMPATH\Boot.php(68): CodeIgniter\Boot::runCodeIgniter(Object(CodeIgniter\CodeIgniter))
13 FCPATH\index.php(59): CodeIgniter\Boot::bootWeb(Object(Config\Paths))
14 SYSTEMPATH\rewrite.php(44): require_once('C:\\laragon\\www\\POS_SYSTEM\\public\\index.php')
DEBUG - 2026-09-20 14:41:55 --> Session: Class initialized using 'CodeIgniter\Session\Handlers\FileHandler' driver.
DEBUG - 2026-09-20 14:41:55 --> Session: Class initialized using 'CodeIgniter\Session\Handlers\FileHandler' driver.
DEBUG - 2026-09-20 14:46:19 --> Session: Class initialized using 'CodeIgniter\Session\Handlers\FileHandler' driver.
DEBUG - 2026-09-20 14:46:20 --> Session: Class initialized using 'CodeIgniter\Session\Handlers\FileHandler' driver.
DEBUG - 2026-09-20 15:33:57 --> searchfilter() called
DEBUG - 2026-09-20 15:33:57 --> Inputs: day=10, month=09, year=2026
DEBUG - 2026-09-20 15:33:57 --> Session: Class initialized using 'CodeIgniter\Session\Handlers\FileHandler' driver.
DEBUG - 2026-09-20 15:33:57 --> Session: Class initialized using 'CodeIgniter\Session\Handlers\FileHandler' driver.
DEBUG - 2026-09-20 15:37:52 --> searchfilter() called
DEBUG - 2026-09-20 15:37:52 --> Inputs: day=10, month=09, year=2026
DEBUG - 2026-09-20 15:37:53 --> Session: Class initialized using 'CodeIgniter\Session\Handlers\FileHandler' driver.
DEBUG - 2026-09-20 15:37:53 --> Session: Class initialized using 'CodeIgniter\Session\Handlers\FileHandler' driver.
DEBUG - 2026-09-20 15:39:44 --> searchfilter() called
DEBUG - 2026-09-20 15:39:44 --> Inputs: day=10, month=09, year=2026
DEBUG - 2026-09-20 15:39:44 --> Session: Class initialized using 'CodeIgniter\Session\Handlers\FileHandler' driver.
DEBUG - 2026-09-20 15:39:44 --> Session: Class initialized using 'CodeIgniter\Session\Handlers\FileHandler' driver.
DEBUG - 2026-09-20 16:01:03 --> searchfilter() called
DEBUG - 2026-09-20 16:01:03 --> Inputs: day=20, month=09, year=2026
CRITICAL - 2026-09-20 16:01:04 --> CodeIgniter\Exceptions\ModelException: You cannot use "getCompiledSelect()" in "App\Models\SaleModel". This is a method of the Query Builder Class.
[Method: GET, Route: sales/searchfilter]
in SYSTEMPATH\Model.php on line 779.
 1 SYSTEMPATH\Model.php(779): CodeIgniter\Exceptions\ModelException::forMethodNotAvailable('App\\Models\\SaleModel', 'getCompiledSelect()')
 2 SYSTEMPATH\Model.php(759): CodeIgniter\Model->checkBuilderMethod('getCompiledSelect')
 3 APPPATH\Controllers\sales.php(150): CodeIgniter\Model->__call('getCompiledSelect', [])
 4 SYSTEMPATH\CodeIgniter.php(974): App\Controllers\Sales->searchfilter()
 5 SYSTEMPATH\CodeIgniter.php(520): CodeIgniter\CodeIgniter->runController(Object(App\Controllers\Sales))
 6 SYSTEMPATH\CodeIgniter.php(363): CodeIgniter\CodeIgniter->handleRequest(null, Object(Config\Cache), false)
 7 SYSTEMPATH\Boot.php(417): CodeIgniter\CodeIgniter->run()
 8 SYSTEMPATH\Boot.php(68): CodeIgniter\Boot::runCodeIgniter(Object(CodeIgniter\CodeIgniter))
 9 FCPATH\index.php(59): CodeIgniter\Boot::bootWeb(Object(Config\Paths))
10 SYSTEMPATH\rewrite.php(44): require_once('C:\\laragon\\www\\POS_SYSTEM\\public\\index.php')
DEBUG - 2026-09-20 16:01:43 --> searchfilter() called
DEBUG - 2026-09-20 16:01:43 --> Inputs: day=20, month=09, year=2026
CRITICAL - 2026-09-20 16:01:43 --> CodeIgniter\Exceptions\ModelException: You cannot use "getCompiledSelect()" in "App\Models\SaleModel". This is a method of the Query Builder Class.
[Method: GET, Route: sales/searchfilter]
in SYSTEMPATH\Model.php on line 779.
 1 SYSTEMPATH\Model.php(779): CodeIgniter\Exceptions\ModelException::forMethodNotAvailable('App\\Models\\SaleModel', 'getCompiledSelect()')
 2 SYSTEMPATH\Model.php(759): CodeIgniter\Model->checkBuilderMethod('getCompiledSelect')
 3 APPPATH\Controllers\sales.php(150): CodeIgniter\Model->__call('getCompiledSelect', [])
 4 SYSTEMPATH\CodeIgniter.php(974): App\Controllers\Sales->searchfilter()
 5 SYSTEMPATH\CodeIgniter.php(520): CodeIgniter\CodeIgniter->runController(Object(App\Controllers\Sales))
 6 SYSTEMPATH\CodeIgniter.php(363): CodeIgniter\CodeIgniter->handleRequest(null, Object(Config\Cache), false)
 7 SYSTEMPATH\Boot.php(417): CodeIgniter\CodeIgniter->run()
 8 SYSTEMPATH\Boot.php(68): CodeIgniter\Boot::runCodeIgniter(Object(CodeIgniter\CodeIgniter))
 9 FCPATH\index.php(59): CodeIgniter\Boot::bootWeb(Object(Config\Paths))
10 SYSTEMPATH\rewrite.php(44): require_once('C:\\laragon\\www\\POS_SYSTEM\\public\\index.php')
DEBUG - 2026-09-20 16:02:02 --> searchfilter() called
DEBUG - 2026-09-20 16:02:02 --> Inputs: day=20, month=09, year=2026
DEBUG - 2026-09-20 16:02:02 --> Session: Class initialized using 'CodeIgniter\Session\Handlers\FileHandler' driver.
ERROR - 2026-09-20 16:02:24 --> Unknown column 'user.handled_by_user' in 'field list'
in SYSTEMPATH\Database\MySQLi\Connection.php on line 300.
 1 SYSTEMPATH\Database\MySQLi\Connection.php(300): mysqli->query('SELECT `sale`.`sale_id`, `sale`.`sale_date`, `user`.`handled_by_user`, COUNT(sale_item.sale_item_id) AS items, `sale`.`total_amount`, `sale`.`status`
FROM `sale`
LEFT JOIN `sale_item` ON `sale`.`sale_id` = `sale_item`.`sale_id`
LEFT JOIN `user` ON `sale`.`handled_by_user` = `user`.`user_id`
GROUP BY `sale`.`sale_id`
ORDER BY `sale`.`sale_date` DESC
 LIMIT 50', 0)
 2 SYSTEMPATH\Database\BaseConnection.php(908): CodeIgniter\Database\MySQLi\Connection->execute('SELECT `sale`.`sale_id`, `sale`.`sale_date`, `user`.`handled_by_user`, COUNT(sale_item.sale_item_id) AS items, `sale`.`total_amount`, `sale`.`status`
FROM `sale`
LEFT JOIN `sale_item` ON `sale`.`sale_id` = `sale_item`.`sale_id`
LEFT JOIN `user` ON `sale`.`handled_by_user` = `user`.`user_id`
GROUP BY `sale`.`sale_id`
ORDER BY `sale`.`sale_date` DESC
 LIMIT 50')
 3 SYSTEMPATH\Database\BaseConnection.php(825): CodeIgniter\Database\BaseConnection->simpleQuery('SELECT `sale`.`sale_id`, `sale`.`sale_date`, `user`.`handled_by_user`, COUNT(sale_item.sale_item_id) AS items, `sale`.`total_amount`, `sale`.`status`
FROM `sale`
LEFT JOIN `sale_item` ON `sale`.`sale_id` = `sale_item`.`sale_id`
LEFT JOIN `user` ON `sale`.`handled_by_user` = `user`.`user_id`
GROUP BY `sale`.`sale_id`
ORDER BY `sale`.`sale_date` DESC
 LIMIT 50')
 4 SYSTEMPATH\Database\BaseBuilder.php(1647): CodeIgniter\Database\BaseConnection->query('SELECT `sale`.`sale_id`, `sale`.`sale_date`, `user`.`handled_by_user`, COUNT(sale_item.sale_item_id) AS items, `sale`.`total_amount`, `sale`.`status`
FROM `sale`
LEFT JOIN `sale_item` ON `sale`.`sale_id` = `sale_item`.`sale_id`
LEFT JOIN `user` ON `sale`.`handled_by_user` = `user`.`user_id`
GROUP BY `sale`.`sale_id`
ORDER BY `sale`.`sale_date` DESC
 LIMIT 50', [], false)
 5 SYSTEMPATH\Model.php(255): CodeIgniter\Database\BaseBuilder->get()
 6 SYSTEMPATH\BaseModel.php(676): CodeIgniter\Model->doFindAll(0, 0)
 7 APPPATH\Controllers\sales.php(64): CodeIgniter\BaseModel->findAll()
 8 SYSTEMPATH\CodeIgniter.php(974): App\Controllers\Sales->salesstatus()
 9 SYSTEMPATH\CodeIgniter.php(520): CodeIgniter\CodeIgniter->runController(Object(App\Controllers\Sales))
10 SYSTEMPATH\CodeIgniter.php(363): CodeIgniter\CodeIgniter->handleRequest(null, Object(Config\Cache), false)
11 SYSTEMPATH\Boot.php(417): CodeIgniter\CodeIgniter->run()
12 SYSTEMPATH\Boot.php(68): CodeIgniter\Boot::runCodeIgniter(Object(CodeIgniter\CodeIgniter))
13 FCPATH\index.php(59): CodeIgniter\Boot::bootWeb(Object(Config\Paths))
14 SYSTEMPATH\rewrite.php(44): require_once('C:\\laragon\\www\\POS_SYSTEM\\public\\index.php')
CRITICAL - 2026-09-20 16:02:24 --> CodeIgniter\Database\Exceptions\DatabaseException: Unknown column 'user.handled_by_user' in 'field list'
[Method: GET, Route: sales/status]
in SYSTEMPATH\Database\BaseConnection.php on line 863.
 1 SYSTEMPATH\Database\BaseBuilder.php(1647): CodeIgniter\Database\BaseConnection->query('SELECT `sale`.`sale_id`, `sale`.`sale_date`, `user`.`handled_by_user`, COUNT(sale_item.sale_item_id) AS items, `sale`.`total_amount`, `sale`.`status`
FROM `sale`
LEFT JOIN `sale_item` ON `sale`.`sale_id` = `sale_item`.`sale_id`
LEFT JOIN `user` ON `sale`.`handled_by_user` = `user`.`user_id`
GROUP BY `sale`.`sale_id`
ORDER BY `sale`.`sale_date` DESC
 LIMIT 50', [], false)
 2 SYSTEMPATH\Model.php(255): CodeIgniter\Database\BaseBuilder->get()
 3 SYSTEMPATH\BaseModel.php(676): CodeIgniter\Model->doFindAll(0, 0)
 4 APPPATH\Controllers\sales.php(64): CodeIgniter\BaseModel->findAll()
 5 SYSTEMPATH\CodeIgniter.php(974): App\Controllers\Sales->salesstatus()
 6 SYSTEMPATH\CodeIgniter.php(520): CodeIgniter\CodeIgniter->runController(Object(App\Controllers\Sales))
 7 SYSTEMPATH\CodeIgniter.php(363): CodeIgniter\CodeIgniter->handleRequest(null, Object(Config\Cache), false)
 8 SYSTEMPATH\Boot.php(417): CodeIgniter\CodeIgniter->run()
 9 SYSTEMPATH\Boot.php(68): CodeIgniter\Boot::runCodeIgniter(Object(CodeIgniter\CodeIgniter))
10 FCPATH\index.php(59): CodeIgniter\Boot::bootWeb(Object(Config\Paths))
11 SYSTEMPATH\rewrite.php(44): require_once('C:\\laragon\\www\\POS_SYSTEM\\public\\index.php')
CRITICAL - 2026-09-20 16:02:24 --> [Caused by] CodeIgniter\Database\Exceptions\DatabaseException: Unknown column 'user.handled_by_user' in 'field list'
in SYSTEMPATH\Database\MySQLi\Connection.php on line 310.
 1 SYSTEMPATH\Database\BaseConnection.php(908): CodeIgniter\Database\MySQLi\Connection->execute('SELECT `sale`.`sale_id`, `sale`.`sale_date`, `user`.`handled_by_user`, COUNT(sale_item.sale_item_id) AS items, `sale`.`total_amount`, `sale`.`status`
FROM `sale`
LEFT JOIN `sale_item` ON `sale`.`sale_id` = `sale_item`.`sale_id`
LEFT JOIN `user` ON `sale`.`handled_by_user` = `user`.`user_id`
GROUP BY `sale`.`sale_id`
ORDER BY `sale`.`sale_date` DESC
 LIMIT 50')
 2 SYSTEMPATH\Database\BaseConnection.php(825): CodeIgniter\Database\BaseConnection->simpleQuery('SELECT `sale`.`sale_id`, `sale`.`sale_date`, `user`.`handled_by_user`, COUNT(sale_item.sale_item_id) AS items, `sale`.`total_amount`, `sale`.`status`
FROM `sale`
LEFT JOIN `sale_item` ON `sale`.`sale_id` = `sale_item`.`sale_id`
LEFT JOIN `user` ON `sale`.`handled_by_user` = `user`.`user_id`
GROUP BY `sale`.`sale_id`
ORDER BY `sale`.`sale_date` DESC
 LIMIT 50')
 3 SYSTEMPATH\Database\BaseBuilder.php(1647): CodeIgniter\Database\BaseConnection->query('SELECT `sale`.`sale_id`, `sale`.`sale_date`, `user`.`handled_by_user`, COUNT(sale_item.sale_item_id) AS items, `sale`.`total_amount`, `sale`.`status`
FROM `sale`
LEFT JOIN `sale_item` ON `sale`.`sale_id` = `sale_item`.`sale_id`
LEFT JOIN `user` ON `sale`.`handled_by_user` = `user`.`user_id`
GROUP BY `sale`.`sale_id`
ORDER BY `sale`.`sale_date` DESC
 LIMIT 50', [], false)
 4 SYSTEMPATH\Model.php(255): CodeIgniter\Database\BaseBuilder->get()
 5 SYSTEMPATH\BaseModel.php(676): CodeIgniter\Model->doFindAll(0, 0)
 6 APPPATH\Controllers\sales.php(64): CodeIgniter\BaseModel->findAll()
 7 SYSTEMPATH\CodeIgniter.php(974): App\Controllers\Sales->salesstatus()
 8 SYSTEMPATH\CodeIgniter.php(520): CodeIgniter\CodeIgniter->runController(Object(App\Controllers\Sales))
 9 SYSTEMPATH\CodeIgniter.php(363): CodeIgniter\CodeIgniter->handleRequest(null, Object(Config\Cache), false)
10 SYSTEMPATH\Boot.php(417): CodeIgniter\CodeIgniter->run()
11 SYSTEMPATH\Boot.php(68): CodeIgniter\Boot::runCodeIgniter(Object(CodeIgniter\CodeIgniter))
12 FCPATH\index.php(59): CodeIgniter\Boot::bootWeb(Object(Config\Paths))
13 SYSTEMPATH\rewrite.php(44): require_once('C:\\laragon\\www\\POS_SYSTEM\\public\\index.php')
CRITICAL - 2026-09-20 16:02:24 --> [Caused by] mysqli_sql_exception: Unknown column 'user.handled_by_user' in 'field list'
in SYSTEMPATH\Database\MySQLi\Connection.php on line 300.
 1 SYSTEMPATH\Database\MySQLi\Connection.php(300): mysqli->query('SELECT `sale`.`sale_id`, `sale`.`sale_date`, `user`.`handled_by_user`, COUNT(sale_item.sale_item_id) AS items, `sale`.`total_amount`, `sale`.`status`
FROM `sale`
LEFT JOIN `sale_item` ON `sale`.`sale_id` = `sale_item`.`sale_id`
LEFT JOIN `user` ON `sale`.`handled_by_user` = `user`.`user_id`
GROUP BY `sale`.`sale_id`
ORDER BY `sale`.`sale_date` DESC
 LIMIT 50', 0)
 2 SYSTEMPATH\Database\BaseConnection.php(908): CodeIgniter\Database\MySQLi\Connection->execute('SELECT `sale`.`sale_id`, `sale`.`sale_date`, `user`.`handled_by_user`, COUNT(sale_item.sale_item_id) AS items, `sale`.`total_amount`, `sale`.`status`
FROM `sale`
LEFT JOIN `sale_item` ON `sale`.`sale_id` = `sale_item`.`sale_id`
LEFT JOIN `user` ON `sale`.`handled_by_user` = `user`.`user_id`
GROUP BY `sale`.`sale_id`
ORDER BY `sale`.`sale_date` DESC
 LIMIT 50')
 3 SYSTEMPATH\Database\BaseConnection.php(825): CodeIgniter\Database\BaseConnection->simpleQuery('SELECT `sale`.`sale_id`, `sale`.`sale_date`, `user`.`handled_by_user`, COUNT(sale_item.sale_item_id) AS items, `sale`.`total_amount`, `sale`.`status`
FROM `sale`
LEFT JOIN `sale_item` ON `sale`.`sale_id` = `sale_item`.`sale_id`
LEFT JOIN `user` ON `sale`.`handled_by_user` = `user`.`user_id`
GROUP BY `sale`.`sale_id`
ORDER BY `sale`.`sale_date` DESC
 LIMIT 50')
 4 SYSTEMPATH\Database\BaseBuilder.php(1647): CodeIgniter\Database\BaseConnection->query('SELECT `sale`.`sale_id`, `sale`.`sale_date`, `user`.`handled_by_user`, COUNT(sale_item.sale_item_id) AS items, `sale`.`total_amount`, `sale`.`status`
FROM `sale`
LEFT JOIN `sale_item` ON `sale`.`sale_id` = `sale_item`.`sale_id`
LEFT JOIN `user` ON `sale`.`handled_by_user` = `user`.`user_id`
GROUP BY `sale`.`sale_id`
ORDER BY `sale`.`sale_date` DESC
 LIMIT 50', [], false)
 5 SYSTEMPATH\Model.php(255): CodeIgniter\Database\BaseBuilder->get()
 6 SYSTEMPATH\BaseModel.php(676): CodeIgniter\Model->doFindAll(0, 0)
 7 APPPATH\Controllers\sales.php(64): CodeIgniter\BaseModel->findAll()
 8 SYSTEMPATH\CodeIgniter.php(974): App\Controllers\Sales->salesstatus()
 9 SYSTEMPATH\CodeIgniter.php(520): CodeIgniter\CodeIgniter->runController(Object(App\Controllers\Sales))
10 SYSTEMPATH\CodeIgniter.php(363): CodeIgniter\CodeIgniter->handleRequest(null, Object(Config\Cache), false)
11 SYSTEMPATH\Boot.php(417): CodeIgniter\CodeIgniter->run()
12 SYSTEMPATH\Boot.php(68): CodeIgniter\Boot::runCodeIgniter(Object(CodeIgniter\CodeIgniter))
13 FCPATH\index.php(59): CodeIgniter\Boot::bootWeb(Object(Config\Paths))
14 SYSTEMPATH\rewrite.php(44): require_once('C:\\laragon\\www\\POS_SYSTEM\\public\\index.php')
ERROR - 2026-09-20 16:08:24 --> Unknown column 'user.handled_by_user' in 'field list'
in SYSTEMPATH\Database\MySQLi\Connection.php on line 300.
 1 SYSTEMPATH\Database\MySQLi\Connection.php(300): mysqli->query('SELECT `sale`.`sale_id`, `sale`.`sale_date`, `user`.`handled_by_user`, COUNT(sale_item.sale_item_id) AS items, `sale`.`total_amount`, `sale`.`status`
FROM `sale`
LEFT JOIN `sale_item` ON `sale`.`sale_id` = `sale_item`.`sale_id`
LEFT JOIN `user` ON `sale`.`handled_by_user` = `user`.`user_id`
GROUP BY `sale`.`sale_id`
ORDER BY `sale`.`sale_date` DESC
 LIMIT 50', 0)
 2 SYSTEMPATH\Database\BaseConnection.php(908): CodeIgniter\Database\MySQLi\Connection->execute('SELECT `sale`.`sale_id`, `sale`.`sale_date`, `user`.`handled_by_user`, COUNT(sale_item.sale_item_id) AS items, `sale`.`total_amount`, `sale`.`status`
FROM `sale`
LEFT JOIN `sale_item` ON `sale`.`sale_id` = `sale_item`.`sale_id`
LEFT JOIN `user` ON `sale`.`handled_by_user` = `user`.`user_id`
GROUP BY `sale`.`sale_id`
ORDER BY `sale`.`sale_date` DESC
 LIMIT 50')
 3 SYSTEMPATH\Database\BaseConnection.php(825): CodeIgniter\Database\BaseConnection->simpleQuery('SELECT `sale`.`sale_id`, `sale`.`sale_date`, `user`.`handled_by_user`, COUNT(sale_item.sale_item_id) AS items, `sale`.`total_amount`, `sale`.`status`
FROM `sale`
LEFT JOIN `sale_item` ON `sale`.`sale_id` = `sale_item`.`sale_id`
LEFT JOIN `user` ON `sale`.`handled_by_user` = `user`.`user_id`
GROUP BY `sale`.`sale_id`
ORDER BY `sale`.`sale_date` DESC
 LIMIT 50')
 4 SYSTEMPATH\Database\BaseBuilder.php(1647): CodeIgniter\Database\BaseConnection->query('SELECT `sale`.`sale_id`, `sale`.`sale_date`, `user`.`handled_by_user`, COUNT(sale_item.sale_item_id) AS items, `sale`.`total_amount`, `sale`.`status`
FROM `sale`
LEFT JOIN `sale_item` ON `sale`.`sale_id` = `sale_item`.`sale_id`
LEFT JOIN `user` ON `sale`.`handled_by_user` = `user`.`user_id`
GROUP BY `sale`.`sale_id`
ORDER BY `sale`.`sale_date` DESC
 LIMIT 50', [], false)
 5 SYSTEMPATH\Model.php(255): CodeIgniter\Database\BaseBuilder->get()
 6 SYSTEMPATH\BaseModel.php(676): CodeIgniter\Model->doFindAll(0, 0)
 7 APPPATH\Controllers\sales.php(64): CodeIgniter\BaseModel->findAll()
 8 SYSTEMPATH\CodeIgniter.php(974): App\Controllers\Sales->salesstatus()
 9 SYSTEMPATH\CodeIgniter.php(520): CodeIgniter\CodeIgniter->runController(Object(App\Controllers\Sales))
10 SYSTEMPATH\CodeIgniter.php(363): CodeIgniter\CodeIgniter->handleRequest(null, Object(Config\Cache), false)
11 SYSTEMPATH\Boot.php(417): CodeIgniter\CodeIgniter->run()
12 SYSTEMPATH\Boot.php(68): CodeIgniter\Boot::runCodeIgniter(Object(CodeIgniter\CodeIgniter))
13 FCPATH\index.php(59): CodeIgniter\Boot::bootWeb(Object(Config\Paths))
14 SYSTEMPATH\rewrite.php(44): require_once('C:\\laragon\\www\\POS_SYSTEM\\public\\index.php')
CRITICAL - 2026-09-20 16:08:24 --> CodeIgniter\Database\Exceptions\DatabaseException: Unknown column 'user.handled_by_user' in 'field list'
[Method: GET, Route: sales/status]
in SYSTEMPATH\Database\BaseConnection.php on line 863.
 1 SYSTEMPATH\Database\BaseBuilder.php(1647): CodeIgniter\Database\BaseConnection->query('SELECT `sale`.`sale_id`, `sale`.`sale_date`, `user`.`handled_by_user`, COUNT(sale_item.sale_item_id) AS items, `sale`.`total_amount`, `sale`.`status`
FROM `sale`
LEFT JOIN `sale_item` ON `sale`.`sale_id` = `sale_item`.`sale_id`
LEFT JOIN `user` ON `sale`.`handled_by_user` = `user`.`user_id`
GROUP BY `sale`.`sale_id`
ORDER BY `sale`.`sale_date` DESC
 LIMIT 50', [], false)
 2 SYSTEMPATH\Model.php(255): CodeIgniter\Database\BaseBuilder->get()
 3 SYSTEMPATH\BaseModel.php(676): CodeIgniter\Model->doFindAll(0, 0)
 4 APPPATH\Controllers\sales.php(64): CodeIgniter\BaseModel->findAll()
 5 SYSTEMPATH\CodeIgniter.php(974): App\Controllers\Sales->salesstatus()
 6 SYSTEMPATH\CodeIgniter.php(520): CodeIgniter\CodeIgniter->runController(Object(App\Controllers\Sales))
 7 SYSTEMPATH\CodeIgniter.php(363): CodeIgniter\CodeIgniter->handleRequest(null, Object(Config\Cache), false)
 8 SYSTEMPATH\Boot.php(417): CodeIgniter\CodeIgniter->run()
 9 SYSTEMPATH\Boot.php(68): CodeIgniter\Boot::runCodeIgniter(Object(CodeIgniter\CodeIgniter))
10 FCPATH\index.php(59): CodeIgniter\Boot::bootWeb(Object(Config\Paths))
11 SYSTEMPATH\rewrite.php(44): require_once('C:\\laragon\\www\\POS_SYSTEM\\public\\index.php')
CRITICAL - 2026-09-20 16:08:24 --> [Caused by] CodeIgniter\Database\Exceptions\DatabaseException: Unknown column 'user.handled_by_user' in 'field list'
in SYSTEMPATH\Database\MySQLi\Connection.php on line 310.
 1 SYSTEMPATH\Database\BaseConnection.php(908): CodeIgniter\Database\MySQLi\Connection->execute('SELECT `sale`.`sale_id`, `sale`.`sale_date`, `user`.`handled_by_user`, COUNT(sale_item.sale_item_id) AS items, `sale`.`total_amount`, `sale`.`status`
FROM `sale`
LEFT JOIN `sale_item` ON `sale`.`sale_id` = `sale_item`.`sale_id`
LEFT JOIN `user` ON `sale`.`handled_by_user` = `user`.`user_id`
GROUP BY `sale`.`sale_id`
ORDER BY `sale`.`sale_date` DESC
 LIMIT 50')
 2 SYSTEMPATH\Database\BaseConnection.php(825): CodeIgniter\Database\BaseConnection->simpleQuery('SELECT `sale`.`sale_id`, `sale`.`sale_date`, `user`.`handled_by_user`, COUNT(sale_item.sale_item_id) AS items, `sale`.`total_amount`, `sale`.`status`
FROM `sale`
LEFT JOIN `sale_item` ON `sale`.`sale_id` = `sale_item`.`sale_id`
LEFT JOIN `user` ON `sale`.`handled_by_user` = `user`.`user_id`
GROUP BY `sale`.`sale_id`
ORDER BY `sale`.`sale_date` DESC
 LIMIT 50')
 3 SYSTEMPATH\Database\BaseBuilder.php(1647): CodeIgniter\Database\BaseConnection->query('SELECT `sale`.`sale_id`, `sale`.`sale_date`, `user`.`handled_by_user`, COUNT(sale_item.sale_item_id) AS items, `sale`.`total_amount`, `sale`.`status`
FROM `sale`
LEFT JOIN `sale_item` ON `sale`.`sale_id` = `sale_item`.`sale_id`
LEFT JOIN `user` ON `sale`.`handled_by_user` = `user`.`user_id`
GROUP BY `sale`.`sale_id`
ORDER BY `sale`.`sale_date` DESC
 LIMIT 50', [], false)
 4 SYSTEMPATH\Model.php(255): CodeIgniter\Database\BaseBuilder->get()
 5 SYSTEMPATH\BaseModel.php(676): CodeIgniter\Model->doFindAll(0, 0)
 6 APPPATH\Controllers\sales.php(64): CodeIgniter\BaseModel->findAll()
 7 SYSTEMPATH\CodeIgniter.php(974): App\Controllers\Sales->salesstatus()
 8 SYSTEMPATH\CodeIgniter.php(520): CodeIgniter\CodeIgniter->runController(Object(App\Controllers\Sales))
 9 SYSTEMPATH\CodeIgniter.php(363): CodeIgniter\CodeIgniter->handleRequest(null, Object(Config\Cache), false)
10 SYSTEMPATH\Boot.php(417): CodeIgniter\CodeIgniter->run()
11 SYSTEMPATH\Boot.php(68): CodeIgniter\Boot::runCodeIgniter(Object(CodeIgniter\CodeIgniter))
12 FCPATH\index.php(59): CodeIgniter\Boot::bootWeb(Object(Config\Paths))
13 SYSTEMPATH\rewrite.php(44): require_once('C:\\laragon\\www\\POS_SYSTEM\\public\\index.php')
CRITICAL - 2026-09-20 16:08:24 --> [Caused by] mysqli_sql_exception: Unknown column 'user.handled_by_user' in 'field list'
in SYSTEMPATH\Database\MySQLi\Connection.php on line 300.
 1 SYSTEMPATH\Database\MySQLi\Connection.php(300): mysqli->query('SELECT `sale`.`sale_id`, `sale`.`sale_date`, `user`.`handled_by_user`, COUNT(sale_item.sale_item_id) AS items, `sale`.`total_amount`, `sale`.`status`
FROM `sale`
LEFT JOIN `sale_item` ON `sale`.`sale_id` = `sale_item`.`sale_id`
LEFT JOIN `user` ON `sale`.`handled_by_user` = `user`.`user_id`
GROUP BY `sale`.`sale_id`
ORDER BY `sale`.`sale_date` DESC
 LIMIT 50', 0)
 2 SYSTEMPATH\Database\BaseConnection.php(908): CodeIgniter\Database\MySQLi\Connection->execute('SELECT `sale`.`sale_id`, `sale`.`sale_date`, `user`.`handled_by_user`, COUNT(sale_item.sale_item_id) AS items, `sale`.`total_amount`, `sale`.`status`
FROM `sale`
LEFT JOIN `sale_item` ON `sale`.`sale_id` = `sale_item`.`sale_id`
LEFT JOIN `user` ON `sale`.`handled_by_user` = `user`.`user_id`
GROUP BY `sale`.`sale_id`
ORDER BY `sale`.`sale_date` DESC
 LIMIT 50')
 3 SYSTEMPATH\Database\BaseConnection.php(825): CodeIgniter\Database\BaseConnection->simpleQuery('SELECT `sale`.`sale_id`, `sale`.`sale_date`, `user`.`handled_by_user`, COUNT(sale_item.sale_item_id) AS items, `sale`.`total_amount`, `sale`.`status`
FROM `sale`
LEFT JOIN `sale_item` ON `sale`.`sale_id` = `sale_item`.`sale_id`
LEFT JOIN `user` ON `sale`.`handled_by_user` = `user`.`user_id`
GROUP BY `sale`.`sale_id`
ORDER BY `sale`.`sale_date` DESC
 LIMIT 50')
 4 SYSTEMPATH\Database\BaseBuilder.php(1647): CodeIgniter\Database\BaseConnection->query('SELECT `sale`.`sale_id`, `sale`.`sale_date`, `user`.`handled_by_user`, COUNT(sale_item.sale_item_id) AS items, `sale`.`total_amount`, `sale`.`status`
FROM `sale`
LEFT JOIN `sale_item` ON `sale`.`sale_id` = `sale_item`.`sale_id`
LEFT JOIN `user` ON `sale`.`handled_by_user` = `user`.`user_id`
GROUP BY `sale`.`sale_id`
ORDER BY `sale`.`sale_date` DESC
 LIMIT 50', [], false)
 5 SYSTEMPATH\Model.php(255): CodeIgniter\Database\BaseBuilder->get()
 6 SYSTEMPATH\BaseModel.php(676): CodeIgniter\Model->doFindAll(0, 0)
 7 APPPATH\Controllers\sales.php(64): CodeIgniter\BaseModel->findAll()
 8 SYSTEMPATH\CodeIgniter.php(974): App\Controllers\Sales->salesstatus()
 9 SYSTEMPATH\CodeIgniter.php(520): CodeIgniter\CodeIgniter->runController(Object(App\Controllers\Sales))
10 SYSTEMPATH\CodeIgniter.php(363): CodeIgniter\CodeIgniter->handleRequest(null, Object(Config\Cache), false)
11 SYSTEMPATH\Boot.php(417): CodeIgniter\CodeIgniter->run()
12 SYSTEMPATH\Boot.php(68): CodeIgniter\Boot::runCodeIgniter(Object(CodeIgniter\CodeIgniter))
13 FCPATH\index.php(59): CodeIgniter\Boot::bootWeb(Object(Config\Paths))
14 SYSTEMPATH\rewrite.php(44): require_once('C:\\laragon\\www\\POS_SYSTEM\\public\\index.php')
CRITICAL - 2026-09-20 16:15:43 --> CodeIgniter\Exceptions\ModelException: You cannot use "getCompiledSelect()" in "App\Models\SaleModel". This is a method of the Query Builder Class.
[Method: GET, Route: sales/status]
in SYSTEMPATH\Model.php on line 779.
 1 SYSTEMPATH\Model.php(779): CodeIgniter\Exceptions\ModelException::forMethodNotAvailable('App\\Models\\SaleModel', 'getCompiledSelect()')
 2 SYSTEMPATH\Model.php(759): CodeIgniter\Model->checkBuilderMethod('getCompiledSelect')
 3 APPPATH\Controllers\sales.php(63): CodeIgniter\Model->__call('getCompiledSelect', [])
 4 SYSTEMPATH\CodeIgniter.php(974): App\Controllers\Sales->salesstatus()
 5 SYSTEMPATH\CodeIgniter.php(520): CodeIgniter\CodeIgniter->runController(Object(App\Controllers\Sales))
 6 SYSTEMPATH\CodeIgniter.php(363): CodeIgniter\CodeIgniter->handleRequest(null, Object(Config\Cache), false)
 7 SYSTEMPATH\Boot.php(417): CodeIgniter\CodeIgniter->run()
 8 SYSTEMPATH\Boot.php(68): CodeIgniter\Boot::runCodeIgniter(Object(CodeIgniter\CodeIgniter))
 9 FCPATH\index.php(59): CodeIgniter\Boot::bootWeb(Object(Config\Paths))
10 SYSTEMPATH\rewrite.php(44): require_once('C:\\laragon\\www\\POS_SYSTEM\\public\\index.php')
DEBUG - 2026-09-20 16:35:05 --> SELECT `sale`.`sale_id`, `sale`.`sale_date`, `user`.`username`, COUNT(sale_item.sale_item_id) AS items, `sale`.`total_amount`, `sale`.`status`
FROM `sale`
LEFT JOIN `sale_item` ON `sale`.`sale_id` = `sale_item`.`sale_id`
LEFT JOIN `user` ON `sale`.`handled_by_user` = `user`.`user_id`
GROUP BY `sale`.`sale_id`
ORDER BY `sale`.`sale_date` DESC
 LIMIT 50
DEBUG - 2026-09-20 16:35:06 --> Session: Class initialized using 'CodeIgniter\Session\Handlers\FileHandler' driver.
CRITICAL - 2026-09-20 16:35:06 --> ErrorException: Undefined array key "username"
[Method: GET, Route: sales/status]
in APPPATH\Views\Dashboard\sales.php on line 370.
 1 APPPATH\Views\Dashboard\sales.php(370): CodeIgniter\Debug\Exceptions->errorHandler(2, 'Undefined array key "username"', 'C:\\laragon\\www\\POS_SYSTEM\\app\\Views\\Dashboard\\sales.php', 370)
 2 SYSTEMPATH\View\View.php(240): include('C:\\laragon\\www\\POS_SYSTEM\\app\\Views\\Dashboard\\sales.php')
 3 SYSTEMPATH\View\View.php(243): CodeIgniter\View\View->CodeIgniter\View\{closure}()
 4 SYSTEMPATH\Common.php(1254): CodeIgniter\View\View->render('Dashboard/sales', [], true)
 5 APPPATH\Controllers\sales.php(67): view('Dashboard/sales', [...])
 6 SYSTEMPATH\CodeIgniter.php(974): App\Controllers\Sales->salesstatus()
 7 SYSTEMPATH\CodeIgniter.php(520): CodeIgniter\CodeIgniter->runController(Object(App\Controllers\Sales))
 8 SYSTEMPATH\CodeIgniter.php(363): CodeIgniter\CodeIgniter->handleRequest(null, Object(Config\Cache), false)
 9 SYSTEMPATH\Boot.php(417): CodeIgniter\CodeIgniter->run()
10 SYSTEMPATH\Boot.php(68): CodeIgniter\Boot::runCodeIgniter(Object(CodeIgniter\CodeIgniter))
11 FCPATH\index.php(59): CodeIgniter\Boot::bootWeb(Object(Config\Paths))
12 SYSTEMPATH\rewrite.php(44): require_once('C:\\laragon\\www\\POS_SYSTEM\\public\\index.php')
DEBUG - 2026-09-20 16:37:41 --> SELECT `sale`.`sale_id`, `sale`.`sale_date`, `user`.`username`, COUNT(sale_item.sale_item_id) AS items, `sale`.`total_amount`, `sale`.`status`
FROM `sale`
LEFT JOIN `sale_item` ON `sale`.`sale_id` = `sale_item`.`sale_id`
LEFT JOIN `user` ON `sale`.`handled_by_user` = `user`.`user_id`
GROUP BY `sale`.`sale_id`
ORDER BY `sale`.`sale_date` DESC
 LIMIT 50
DEBUG - 2026-09-20 16:37:41 --> Session: Class initialized using 'CodeIgniter\Session\Handlers\FileHandler' driver.
CRITICAL - 2026-09-20 16:37:41 --> ErrorException: Undefined array key "username"
[Method: GET, Route: sales/status]
in APPPATH\Views\Dashboard\sales.php on line 370.
 1 APPPATH\Views\Dashboard\sales.php(370): CodeIgniter\Debug\Exceptions->errorHandler(2, 'Undefined array key "username"', 'C:\\laragon\\www\\POS_SYSTEM\\app\\Views\\Dashboard\\sales.php', 370)
 2 SYSTEMPATH\View\View.php(240): include('C:\\laragon\\www\\POS_SYSTEM\\app\\Views\\Dashboard\\sales.php')
 3 SYSTEMPATH\View\View.php(243): CodeIgniter\View\View->CodeIgniter\View\{closure}()
 4 SYSTEMPATH\Common.php(1254): CodeIgniter\View\View->render('Dashboard/sales', [], true)
 5 APPPATH\Controllers\sales.php(67): view('Dashboard/sales', [...])
 6 SYSTEMPATH\CodeIgniter.php(974): App\Controllers\Sales->salesstatus()
 7 SYSTEMPATH\CodeIgniter.php(520): CodeIgniter\CodeIgniter->runController(Object(App\Controllers\Sales))
 8 SYSTEMPATH\CodeIgniter.php(363): CodeIgniter\CodeIgniter->handleRequest(null, Object(Config\Cache), false)
 9 SYSTEMPATH\Boot.php(417): CodeIgniter\CodeIgniter->run()
10 SYSTEMPATH\Boot.php(68): CodeIgniter\Boot::runCodeIgniter(Object(CodeIgniter\CodeIgniter))
11 FCPATH\index.php(59): CodeIgniter\Boot::bootWeb(Object(Config\Paths))
12 SYSTEMPATH\rewrite.php(44): require_once('C:\\laragon\\www\\POS_SYSTEM\\public\\index.php')
DEBUG - 2026-09-20 16:47:58 --> SELECT `sale`.`sale_id`, `sale`.`sale_date`, `user`.`username`, COUNT(sale_item.sale_item_id) AS items, `sale`.`total_amount`, `sale`.`status`
FROM `sale`
LEFT JOIN `sale_item` ON `sale`.`sale_id` = `sale_item`.`sale_id`
LEFT JOIN `user` ON `sale`.`handled_by_user` = `user`.`user_id`
GROUP BY `sale`.`sale_id`
ORDER BY `sale`.`sale_date` DESC
 LIMIT 50
DEBUG - 2026-09-20 16:47:58 --> Session: Class initialized using 'CodeIgniter\Session\Handlers\FileHandler' driver.
CRITICAL - 2026-09-20 16:47:58 --> ErrorException: Undefined array key "username"
[Method: GET, Route: sales/status]
in APPPATH\Views\Dashboard\sales.php on line 370.
 1 APPPATH\Views\Dashboard\sales.php(370): CodeIgniter\Debug\Exceptions->errorHandler(2, 'Undefined array key "username"', 'C:\\laragon\\www\\POS_SYSTEM\\app\\Views\\Dashboard\\sales.php', 370)
 2 SYSTEMPATH\View\View.php(240): include('C:\\laragon\\www\\POS_SYSTEM\\app\\Views\\Dashboard\\sales.php')
 3 SYSTEMPATH\View\View.php(243): CodeIgniter\View\View->CodeIgniter\View\{closure}()
 4 SYSTEMPATH\Common.php(1254): CodeIgniter\View\View->render('Dashboard/sales', [], true)
 5 APPPATH\Controllers\sales.php(67): view('Dashboard/sales', [...])
 6 SYSTEMPATH\CodeIgniter.php(974): App\Controllers\Sales->salesstatus()
 7 SYSTEMPATH\CodeIgniter.php(520): CodeIgniter\CodeIgniter->runController(Object(App\Controllers\Sales))
 8 SYSTEMPATH\CodeIgniter.php(363): CodeIgniter\CodeIgniter->handleRequest(null, Object(Config\Cache), false)
 9 SYSTEMPATH\Boot.php(417): CodeIgniter\CodeIgniter->run()
10 SYSTEMPATH\Boot.php(68): CodeIgniter\Boot::runCodeIgniter(Object(CodeIgniter\CodeIgniter))
11 FCPATH\index.php(59): CodeIgniter\Boot::bootWeb(Object(Config\Paths))
12 SYSTEMPATH\rewrite.php(44): require_once('C:\\laragon\\www\\POS_SYSTEM\\public\\index.php')
DEBUG - 2026-09-20 16:48:01 --> SELECT `sale`.`sale_id`, `sale`.`sale_date`, `user`.`username`, COUNT(sale_item.sale_item_id) AS items, `sale`.`total_amount`, `sale`.`status`
FROM `sale`
LEFT JOIN `sale_item` ON `sale`.`sale_id` = `sale_item`.`sale_id`
LEFT JOIN `user` ON `sale`.`handled_by_user` = `user`.`user_id`
GROUP BY `sale`.`sale_id`
ORDER BY `sale`.`sale_date` DESC
 LIMIT 50
DEBUG - 2026-09-20 16:48:01 --> Session: Class initialized using 'CodeIgniter\Session\Handlers\FileHandler' driver.
CRITICAL - 2026-09-20 16:48:01 --> ErrorException: Undefined array key "username"
[Method: GET, Route: sales/status]
in APPPATH\Views\Dashboard\sales.php on line 370.
 1 APPPATH\Views\Dashboard\sales.php(370): CodeIgniter\Debug\Exceptions->errorHandler(2, 'Undefined array key "username"', 'C:\\laragon\\www\\POS_SYSTEM\\app\\Views\\Dashboard\\sales.php', 370)
 2 SYSTEMPATH\View\View.php(240): include('C:\\laragon\\www\\POS_SYSTEM\\app\\Views\\Dashboard\\sales.php')
 3 SYSTEMPATH\View\View.php(243): CodeIgniter\View\View->CodeIgniter\View\{closure}()
 4 SYSTEMPATH\Common.php(1254): CodeIgniter\View\View->render('Dashboard/sales', [], true)
 5 APPPATH\Controllers\sales.php(67): view('Dashboard/sales', [...])
 6 SYSTEMPATH\CodeIgniter.php(974): App\Controllers\Sales->salesstatus()
 7 SYSTEMPATH\CodeIgniter.php(520): CodeIgniter\CodeIgniter->runController(Object(App\Controllers\Sales))
 8 SYSTEMPATH\CodeIgniter.php(363): CodeIgniter\CodeIgniter->handleRequest(null, Object(Config\Cache), false)
 9 SYSTEMPATH\Boot.php(417): CodeIgniter\CodeIgniter->run()
10 SYSTEMPATH\Boot.php(68): CodeIgniter\Boot::runCodeIgniter(Object(CodeIgniter\CodeIgniter))
11 FCPATH\index.php(59): CodeIgniter\Boot::bootWeb(Object(Config\Paths))
12 SYSTEMPATH\rewrite.php(44): require_once('C:\\laragon\\www\\POS_SYSTEM\\public\\index.php')
DEBUG - 2026-09-20 16:48:46 --> SELECT `sale`.`sale_id`, `sale`.`sale_date`, `user`.`username`, COUNT(sale_item.sale_item_id) AS items, `sale`.`total_amount`, `sale`.`status`
FROM `sale`
LEFT JOIN `sale_item` ON `sale`.`sale_id` = `sale_item`.`sale_id`
LEFT JOIN `user` ON `sale`.`handled_by_user` = `user`.`user_id`
GROUP BY `sale`.`sale_id`
ORDER BY `sale`.`sale_date` DESC
 LIMIT 50
DEBUG - 2026-09-20 16:48:46 --> Session: Class initialized using 'CodeIgniter\Session\Handlers\FileHandler' driver.
CRITICAL - 2026-09-20 16:48:46 --> ErrorException: Undefined array key "username"
[Method: GET, Route: sales/status]
in APPPATH\Views\Dashboard\sales.php on line 370.
 1 APPPATH\Views\Dashboard\sales.php(370): CodeIgniter\Debug\Exceptions->errorHandler(2, 'Undefined array key "username"', 'C:\\laragon\\www\\POS_SYSTEM\\app\\Views\\Dashboard\\sales.php', 370)
 2 SYSTEMPATH\View\View.php(240): include('C:\\laragon\\www\\POS_SYSTEM\\app\\Views\\Dashboard\\sales.php')
 3 SYSTEMPATH\View\View.php(243): CodeIgniter\View\View->CodeIgniter\View\{closure}()
 4 SYSTEMPATH\Common.php(1254): CodeIgniter\View\View->render('Dashboard/sales', [], true)
 5 APPPATH\Controllers\sales.php(67): view('Dashboard/sales', [...])
 6 SYSTEMPATH\CodeIgniter.php(974): App\Controllers\Sales->salesstatus()
 7 SYSTEMPATH\CodeIgniter.php(520): CodeIgniter\CodeIgniter->runController(Object(App\Controllers\Sales))
 8 SYSTEMPATH\CodeIgniter.php(363): CodeIgniter\CodeIgniter->handleRequest(null, Object(Config\Cache), false)
 9 SYSTEMPATH\Boot.php(417): CodeIgniter\CodeIgniter->run()
10 SYSTEMPATH\Boot.php(68): CodeIgniter\Boot::runCodeIgniter(Object(CodeIgniter\CodeIgniter))
11 FCPATH\index.php(59): CodeIgniter\Boot::bootWeb(Object(Config\Paths))
12 SYSTEMPATH\rewrite.php(44): require_once('C:\\laragon\\www\\POS_SYSTEM\\public\\index.php')
DEBUG - 2026-09-20 16:53:36 --> SELECT `sale`.`sale_id`, `sale`.`sale_date`, `user`.`username`, COUNT(sale_item.sale_item_id) AS items, `sale`.`total_amount`, `sale`.`status`
FROM `sale`
LEFT JOIN `sale_item` ON `sale`.`sale_id` = `sale_item`.`sale_id`
LEFT JOIN `user` ON `sale`.`handled_by_user` = `user`.`user_id`
GROUP BY `sale`.`sale_id`
ORDER BY `sale`.`sale_date` DESC
 LIMIT 50
DEBUG - 2026-09-20 16:53:36 --> Session: Class initialized using 'CodeIgniter\Session\Handlers\FileHandler' driver.
CRITICAL - 2026-09-20 16:53:36 --> ErrorException: Undefined array key "username"
[Method: GET, Route: sales/status]
in APPPATH\Views\Dashboard\sales.php on line 370.
 1 APPPATH\Views\Dashboard\sales.php(370): CodeIgniter\Debug\Exceptions->errorHandler(2, 'Undefined array key "username"', 'C:\\laragon\\www\\POS_SYSTEM\\app\\Views\\Dashboard\\sales.php', 370)
 2 SYSTEMPATH\View\View.php(240): include('C:\\laragon\\www\\POS_SYSTEM\\app\\Views\\Dashboard\\sales.php')
 3 SYSTEMPATH\View\View.php(243): CodeIgniter\View\View->CodeIgniter\View\{closure}()
 4 SYSTEMPATH\Common.php(1254): CodeIgniter\View\View->render('Dashboard/sales', [], true)
 5 APPPATH\Controllers\sales.php(67): view('Dashboard/sales', [...])
 6 SYSTEMPATH\CodeIgniter.php(974): App\Controllers\Sales->salesstatus()
 7 SYSTEMPATH\CodeIgniter.php(520): CodeIgniter\CodeIgniter->runController(Object(App\Controllers\Sales))
 8 SYSTEMPATH\CodeIgniter.php(363): CodeIgniter\CodeIgniter->handleRequest(null, Object(Config\Cache), false)
 9 SYSTEMPATH\Boot.php(417): CodeIgniter\CodeIgniter->run()
10 SYSTEMPATH\Boot.php(68): CodeIgniter\Boot::runCodeIgniter(Object(CodeIgniter\CodeIgniter))
11 FCPATH\index.php(59): CodeIgniter\Boot::bootWeb(Object(Config\Paths))
12 SYSTEMPATH\rewrite.php(44): require_once('C:\\laragon\\www\\POS_SYSTEM\\public\\index.php')
DEBUG - 2026-09-20 16:54:53 --> searchfilter() called
DEBUG - 2026-09-20 16:54:53 --> Inputs: day=20, month=09, year=2026
DEBUG - 2026-09-20 16:54:53 --> SELECT `sale`.`sale_id`, `sale`.`sale_date`, `user`.`username`, COUNT(sale_item.sale_item_id) AS items, `sale`.`total_amount`, `sale`.`status`
FROM `sale`
LEFT JOIN `sale_item` ON `sale`.`sale_id` = `sale_item`.`sale_id`
LEFT JOIN `user` ON `sale`.`handled_by_user` = `user`.`user_id`
WHERE `sale`.`sale_date` = '2026-09-20'
GROUP BY `sale`.`sale_id`
ORDER BY `sale`.`sale_date` DESC
 LIMIT 50
DEBUG - 2026-09-20 16:54:53 --> Session: Class initialized using 'CodeIgniter\Session\Handlers\FileHandler' driver.
CRITICAL - 2026-09-20 16:54:53 --> ErrorException: Undefined array key "username"
[Method: GET, Route: sales/searchfilter]
in APPPATH\Views\Dashboard\sales.php on line 370.
 1 APPPATH\Views\Dashboard\sales.php(370): CodeIgniter\Debug\Exceptions->errorHandler(2, 'Undefined array key "username"', 'C:\\laragon\\www\\POS_SYSTEM\\app\\Views\\Dashboard\\sales.php', 370)
 2 SYSTEMPATH\View\View.php(240): include('C:\\laragon\\www\\POS_SYSTEM\\app\\Views\\Dashboard\\sales.php')
 3 SYSTEMPATH\View\View.php(243): CodeIgniter\View\View->CodeIgniter\View\{closure}()
 4 SYSTEMPATH\Common.php(1254): CodeIgniter\View\View->render('Dashboard/sales', [], true)
 5 APPPATH\Controllers\sales.php(162): view('Dashboard/sales', [...])
 6 SYSTEMPATH\CodeIgniter.php(974): App\Controllers\Sales->searchfilter()
 7 SYSTEMPATH\CodeIgniter.php(520): CodeIgniter\CodeIgniter->runController(Object(App\Controllers\Sales))
 8 SYSTEMPATH\CodeIgniter.php(363): CodeIgniter\CodeIgniter->handleRequest(null, Object(Config\Cache), false)
 9 SYSTEMPATH\Boot.php(417): CodeIgniter\CodeIgniter->run()
10 SYSTEMPATH\Boot.php(68): CodeIgniter\Boot::runCodeIgniter(Object(CodeIgniter\CodeIgniter))
11 FCPATH\index.php(59): CodeIgniter\Boot::bootWeb(Object(Config\Paths))
12 SYSTEMPATH\rewrite.php(44): require_once('C:\\laragon\\www\\POS_SYSTEM\\public\\index.php')
DEBUG - 2026-09-20 16:54:54 --> Session: Class initialized using 'CodeIgniter\Session\Handlers\FileHandler' driver.
DEBUG - 2026-09-20 16:54:57 --> SELECT `sale`.`sale_id`, `sale`.`sale_date`, `user`.`username`, COUNT(sale_item.sale_item_id) AS items, `sale`.`total_amount`, `sale`.`status`
FROM `sale`
LEFT JOIN `sale_item` ON `sale`.`sale_id` = `sale_item`.`sale_id`
LEFT JOIN `user` ON `sale`.`handled_by_user` = `user`.`user_id`
GROUP BY `sale`.`sale_id`
ORDER BY `sale`.`sale_date` DESC
 LIMIT 50
DEBUG - 2026-09-20 16:54:57 --> Session: Class initialized using 'CodeIgniter\Session\Handlers\FileHandler' driver.
CRITICAL - 2026-09-20 16:54:57 --> ErrorException: Undefined array key "username"
[Method: GET, Route: sales/status]
in APPPATH\Views\Dashboard\sales.php on line 370.
 1 APPPATH\Views\Dashboard\sales.php(370): CodeIgniter\Debug\Exceptions->errorHandler(2, 'Undefined array key "username"', 'C:\\laragon\\www\\POS_SYSTEM\\app\\Views\\Dashboard\\sales.php', 370)
 2 SYSTEMPATH\View\View.php(240): include('C:\\laragon\\www\\POS_SYSTEM\\app\\Views\\Dashboard\\sales.php')
 3 SYSTEMPATH\View\View.php(243): CodeIgniter\View\View->CodeIgniter\View\{closure}()
 4 SYSTEMPATH\Common.php(1254): CodeIgniter\View\View->render('Dashboard/sales', [], true)
 5 APPPATH\Controllers\sales.php(67): view('Dashboard/sales', [...])
 6 SYSTEMPATH\CodeIgniter.php(974): App\Controllers\Sales->salesstatus()
 7 SYSTEMPATH\CodeIgniter.php(520): CodeIgniter\CodeIgniter->runController(Object(App\Controllers\Sales))
 8 SYSTEMPATH\CodeIgniter.php(363): CodeIgniter\CodeIgniter->handleRequest(null, Object(Config\Cache), false)
 9 SYSTEMPATH\Boot.php(417): CodeIgniter\CodeIgniter->run()
10 SYSTEMPATH\Boot.php(68): CodeIgniter\Boot::runCodeIgniter(Object(CodeIgniter\CodeIgniter))
11 FCPATH\index.php(59): CodeIgniter\Boot::bootWeb(Object(Config\Paths))
12 SYSTEMPATH\rewrite.php(44): require_once('C:\\laragon\\www\\POS_SYSTEM\\public\\index.php')
DEBUG - 2026-09-20 16:54:59 --> SELECT `sale`.`sale_id`, `sale`.`sale_date`, `user`.`username`, COUNT(sale_item.sale_item_id) AS items, `sale`.`total_amount`, `sale`.`status`
FROM `sale`
LEFT JOIN `sale_item` ON `sale`.`sale_id` = `sale_item`.`sale_id`
LEFT JOIN `user` ON `sale`.`handled_by_user` = `user`.`user_id`
WHERE `sale`.`status` = 'OPEN'
GROUP BY `sale`.`sale_id`
ORDER BY `sale`.`sale_date` DESC
 LIMIT 50
DEBUG - 2026-09-20 16:54:59 --> Session: Class initialized using 'CodeIgniter\Session\Handlers\FileHandler' driver.
CRITICAL - 2026-09-20 16:54:59 --> ErrorException: Undefined array key "username"
[Method: GET, Route: sales/status]
in APPPATH\Views\Dashboard\sales.php on line 370.
 1 APPPATH\Views\Dashboard\sales.php(370): CodeIgniter\Debug\Exceptions->errorHandler(2, 'Undefined array key "username"', 'C:\\laragon\\www\\POS_SYSTEM\\app\\Views\\Dashboard\\sales.php', 370)
 2 SYSTEMPATH\View\View.php(240): include('C:\\laragon\\www\\POS_SYSTEM\\app\\Views\\Dashboard\\sales.php')
 3 SYSTEMPATH\View\View.php(243): CodeIgniter\View\View->CodeIgniter\View\{closure}()
 4 SYSTEMPATH\Common.php(1254): CodeIgniter\View\View->render('Dashboard/sales', [], true)
 5 APPPATH\Controllers\sales.php(67): view('Dashboard/sales', [...])
 6 SYSTEMPATH\CodeIgniter.php(974): App\Controllers\Sales->salesstatus()
 7 SYSTEMPATH\CodeIgniter.php(520): CodeIgniter\CodeIgniter->runController(Object(App\Controllers\Sales))
 8 SYSTEMPATH\CodeIgniter.php(363): CodeIgniter\CodeIgniter->handleRequest(null, Object(Config\Cache), false)
 9 SYSTEMPATH\Boot.php(417): CodeIgniter\CodeIgniter->run()
10 SYSTEMPATH\Boot.php(68): CodeIgniter\Boot::runCodeIgniter(Object(CodeIgniter\CodeIgniter))
11 FCPATH\index.php(59): CodeIgniter\Boot::bootWeb(Object(Config\Paths))
12 SYSTEMPATH\rewrite.php(44): require_once('C:\\laragon\\www\\POS_SYSTEM\\public\\index.php')
DEBUG - 2026-09-20 17:02:09 --> SELECT `sale`.`sale_id`, `sale`.`sale_date`, `user`.`username` AS `username`, COUNT(sale_item.sale_item_id) AS items, `sale`.`total_amount`, `sale`.`status`
FROM `sale`
LEFT JOIN `sale_item` ON `sale`.`sale_id` = `sale_item`.`sale_id`
LEFT JOIN `user` ON `sale`.`handled_by_user` = `user`.`user_id`
GROUP BY `sale`.`sale_id`
ORDER BY `sale`.`sale_date` DESC
 LIMIT 50
DEBUG - 2026-09-20 17:02:09 --> Session: Class initialized using 'CodeIgniter\Session\Handlers\FileHandler' driver.
CRITICAL - 2026-09-20 17:02:09 --> ErrorException: Undefined array key "items"
[Method: GET, Route: sales/status]
in APPPATH\Views\Dashboard\sales.php on line 371.
 1 APPPATH\Views\Dashboard\sales.php(371): CodeIgniter\Debug\Exceptions->errorHandler(2, 'Undefined array key "items"', 'C:\\laragon\\www\\POS_SYSTEM\\app\\Views\\Dashboard\\sales.php', 371)
 2 SYSTEMPATH\View\View.php(240): include('C:\\laragon\\www\\POS_SYSTEM\\app\\Views\\Dashboard\\sales.php')
 3 SYSTEMPATH\View\View.php(243): CodeIgniter\View\View->CodeIgniter\View\{closure}()
 4 SYSTEMPATH\Common.php(1254): CodeIgniter\View\View->render('Dashboard/sales', [], true)
 5 APPPATH\Controllers\sales.php(67): view('Dashboard/sales', [...])
 6 SYSTEMPATH\CodeIgniter.php(974): App\Controllers\Sales->salesstatus()
 7 SYSTEMPATH\CodeIgniter.php(520): CodeIgniter\CodeIgniter->runController(Object(App\Controllers\Sales))
 8 SYSTEMPATH\CodeIgniter.php(363): CodeIgniter\CodeIgniter->handleRequest(null, Object(Config\Cache), false)
 9 SYSTEMPATH\Boot.php(417): CodeIgniter\CodeIgniter->run()
10 SYSTEMPATH\Boot.php(68): CodeIgniter\Boot::runCodeIgniter(Object(CodeIgniter\CodeIgniter))
11 FCPATH\index.php(59): CodeIgniter\Boot::bootWeb(Object(Config\Paths))
12 SYSTEMPATH\rewrite.php(44): require_once('C:\\laragon\\www\\POS_SYSTEM\\public\\index.php')
DEBUG - 2026-09-20 17:07:54 --> SELECT `sale`.`sale_id`, `sale`.`sale_date`, `user`.`username` AS `username`, COUNT(sale_item.sale_item_id) AS items, `sale`.`total_amount`, `sale`.`status`
FROM `sale`
LEFT JOIN `sale_item` ON `sale`.`sale_id` = `sale_item`.`sale_id`
LEFT JOIN `user` ON `sale`.`handled_by_user` = `user`.`user_id`
GROUP BY `sale`.`sale_id`
ORDER BY `sale`.`sale_date` DESC
 LIMIT 50
DEBUG - 2026-09-20 17:07:54 --> Session: Class initialized using 'CodeIgniter\Session\Handlers\FileHandler' driver.
CRITICAL - 2026-09-20 17:07:54 --> ErrorException: Undefined array key "items"
[Method: GET, Route: sales/status]
in APPPATH\Views\Dashboard\sales.php on line 371.
 1 APPPATH\Views\Dashboard\sales.php(371): CodeIgniter\Debug\Exceptions->errorHandler(2, 'Undefined array key "items"', 'C:\\laragon\\www\\POS_SYSTEM\\app\\Views\\Dashboard\\sales.php', 371)
 2 SYSTEMPATH\View\View.php(240): include('C:\\laragon\\www\\POS_SYSTEM\\app\\Views\\Dashboard\\sales.php')
 3 SYSTEMPATH\View\View.php(243): CodeIgniter\View\View->CodeIgniter\View\{closure}()
 4 SYSTEMPATH\Common.php(1254): CodeIgniter\View\View->render('Dashboard/sales', [], true)
 5 APPPATH\Controllers\sales.php(67): view('Dashboard/sales', [...])
 6 SYSTEMPATH\CodeIgniter.php(974): App\Controllers\Sales->salesstatus()
 7 SYSTEMPATH\CodeIgniter.php(520): CodeIgniter\CodeIgniter->runController(Object(App\Controllers\Sales))
 8 SYSTEMPATH\CodeIgniter.php(363): CodeIgniter\CodeIgniter->handleRequest(null, Object(Config\Cache), false)
 9 SYSTEMPATH\Boot.php(417): CodeIgniter\CodeIgniter->run()
10 SYSTEMPATH\Boot.php(68): CodeIgniter\Boot::runCodeIgniter(Object(CodeIgniter\CodeIgniter))
11 FCPATH\index.php(59): CodeIgniter\Boot::bootWeb(Object(Config\Paths))
12 SYSTEMPATH\rewrite.php(44): require_once('C:\\laragon\\www\\POS_SYSTEM\\public\\index.php')
DEBUG - 2026-09-20 17:15:40 --> SELECT `sale`.`sale_id`, `sale`.`sale_date`, `user`.`username` AS `username`, COUNT(sale_item.sale_item_id) AS items_count, `sale`.`total_amount`, `sale`.`status`
FROM `sale`
LEFT JOIN `sale_item` ON `sale`.`sale_id` = `sale_item`.`sale_id`
LEFT JOIN `user` ON `sale`.`handled_by_user` = `user`.`user_id`
GROUP BY `sale`.`sale_id`
ORDER BY `sale`.`sale_date` DESC
 LIMIT 50
DEBUG - 2026-09-20 17:15:40 --> Session: Class initialized using 'CodeIgniter\Session\Handlers\FileHandler' driver.
DEBUG - 2026-09-20 17:23:49 --> Session: Class initialized using 'CodeIgniter\Session\Handlers\FileHandler' driver.
DEBUG - 2026-09-20 17:23:55 --> Session: Class initialized using 'CodeIgniter\Session\Handlers\FileHandler' driver.
DEBUG - 2026-09-20 17:23:55 --> Session: Class initialized using 'CodeIgniter\Session\Handlers\FileHandler' driver.
DEBUG - 2026-09-20 17:23:57 --> Session: Class initialized using 'CodeIgniter\Session\Handlers\FileHandler' driver.
DEBUG - 2026-09-20 17:23:57 --> Session: Class initialized using 'CodeIgniter\Session\Handlers\FileHandler' driver.
DEBUG - 2026-09-20 17:23:58 --> Session: Class initialized using 'CodeIgniter\Session\Handlers\FileHandler' driver.
DEBUG - 2026-09-20 17:23:58 --> Session: Class initialized using 'CodeIgniter\Session\Handlers\FileHandler' driver.
DEBUG - 2026-09-20 17:24:04 --> Session: Class initialized using 'CodeIgniter\Session\Handlers\FileHandler' driver.
ERROR - 2026-09-20 17:24:04 --> Unknown column 'created_by_user_id' in 'field list'
in SYSTEMPATH\Database\MySQLi\Connection.php on line 300.
 1 SYSTEMPATH\Database\MySQLi\Connection.php(300): mysqli->query('INSERT INTO `sale_item` (`sale_id`, `product_id`, `quantity`, `unit_price`, `subtotal`, `Date`, `created_by_user_id`) VALUES (118, \'67\', 3, 25, 75, \'2026-09-20\', 2147483647)', 0)
 2 SYSTEMPATH\Database\BaseConnection.php(908): CodeIgniter\Database\MySQLi\Connection->execute('INSERT INTO `sale_item` (`sale_id`, `product_id`, `quantity`, `unit_price`, `subtotal`, `Date`, `created_by_user_id`) VALUES (118, \'67\', 3, 25, 75, \'2026-09-20\', 2147483647)')
 3 SYSTEMPATH\Database\BaseConnection.php(825): CodeIgniter\Database\BaseConnection->simpleQuery('INSERT INTO `sale_item` (`sale_id`, `product_id`, `quantity`, `unit_price`, `subtotal`, `Date`, `created_by_user_id`) VALUES (118, \'67\', 3, 25, 75, \'2026-09-20\', 2147483647)')
 4 SYSTEMPATH\Database\BaseBuilder.php(2343): CodeIgniter\Database\BaseConnection->query('INSERT INTO `sale_item` (`sale_id`, `product_id`, `quantity`, `unit_price`, `subtotal`, `Date`, `created_by_user_id`) VALUES (:sale_id:, :product_id:, :quantity:, :unit_price:, :subtotal:, :Date:, :created_by_user_id:)', [...], false)
 5 SYSTEMPATH\Model.php(357): CodeIgniter\Database\BaseBuilder->insert()
 6 SYSTEMPATH\BaseModel.php(899): CodeIgniter\Model->doInsert([...])
 7 SYSTEMPATH\Model.php(670): CodeIgniter\BaseModel->insert([...], true)
 8 APPPATH\Controllers\Newsales.php(523): CodeIgniter\Model->insert([...])
 9 SYSTEMPATH\CodeIgniter.php(974): App\Controllers\Newsales->checkout()
10 SYSTEMPATH\CodeIgniter.php(520): CodeIgniter\CodeIgniter->runController(Object(App\Controllers\Newsales))
11 SYSTEMPATH\CodeIgniter.php(363): CodeIgniter\CodeIgniter->handleRequest(null, Object(Config\Cache), false)
12 SYSTEMPATH\Boot.php(417): CodeIgniter\CodeIgniter->run()
13 SYSTEMPATH\Boot.php(68): CodeIgniter\Boot::runCodeIgniter(Object(CodeIgniter\CodeIgniter))
14 FCPATH\index.php(59): CodeIgniter\Boot::bootWeb(Object(Config\Paths))
15 SYSTEMPATH\rewrite.php(44): require_once('C:\\laragon\\www\\POS_SYSTEM\\public\\index.php')
DEBUG - 2026-09-20 17:24:04 --> Session: Class initialized using 'CodeIgniter\Session\Handlers\FileHandler' driver.
DEBUG - 2026-09-20 17:24:13 --> Session: Class initialized using 'CodeIgniter\Session\Handlers\FileHandler' driver.
ERROR - 2026-09-20 17:24:13 --> Unknown column 'created_by_user_id' in 'field list'
in SYSTEMPATH\Database\MySQLi\Connection.php on line 300.
 1 SYSTEMPATH\Database\MySQLi\Connection.php(300): mysqli->query('INSERT INTO `sale_item` (`sale_id`, `product_id`, `quantity`, `unit_price`, `subtotal`, `Date`, `created_by_user_id`) VALUES (119, \'67\', 3, 25, 75, \'2026-09-20\', 2147483647)', 0)
 2 SYSTEMPATH\Database\BaseConnection.php(908): CodeIgniter\Database\MySQLi\Connection->execute('INSERT INTO `sale_item` (`sale_id`, `product_id`, `quantity`, `unit_price`, `subtotal`, `Date`, `created_by_user_id`) VALUES (119, \'67\', 3, 25, 75, \'2026-09-20\', 2147483647)')
 3 SYSTEMPATH\Database\BaseConnection.php(825): CodeIgniter\Database\BaseConnection->simpleQuery('INSERT INTO `sale_item` (`sale_id`, `product_id`, `quantity`, `unit_price`, `subtotal`, `Date`, `created_by_user_id`) VALUES (119, \'67\', 3, 25, 75, \'2026-09-20\', 2147483647)')
 4 SYSTEMPATH\Database\BaseBuilder.php(2343): CodeIgniter\Database\BaseConnection->query('INSERT INTO `sale_item` (`sale_id`, `product_id`, `quantity`, `unit_price`, `subtotal`, `Date`, `created_by_user_id`) VALUES (:sale_id:, :product_id:, :quantity:, :unit_price:, :subtotal:, :Date:, :created_by_user_id:)', [...], false)
 5 SYSTEMPATH\Model.php(357): CodeIgniter\Database\BaseBuilder->insert()
 6 SYSTEMPATH\BaseModel.php(899): CodeIgniter\Model->doInsert([...])
 7 SYSTEMPATH\Model.php(670): CodeIgniter\BaseModel->insert([...], true)
 8 APPPATH\Controllers\Newsales.php(523): CodeIgniter\Model->insert([...])
 9 SYSTEMPATH\CodeIgniter.php(974): App\Controllers\Newsales->checkout()
10 SYSTEMPATH\CodeIgniter.php(520): CodeIgniter\CodeIgniter->runController(Object(App\Controllers\Newsales))
11 SYSTEMPATH\CodeIgniter.php(363): CodeIgniter\CodeIgniter->handleRequest(null, Object(Config\Cache), false)
12 SYSTEMPATH\Boot.php(417): CodeIgniter\CodeIgniter->run()
13 SYSTEMPATH\Boot.php(68): CodeIgniter\Boot::runCodeIgniter(Object(CodeIgniter\CodeIgniter))
14 FCPATH\index.php(59): CodeIgniter\Boot::bootWeb(Object(Config\Paths))
15 SYSTEMPATH\rewrite.php(44): require_once('C:\\laragon\\www\\POS_SYSTEM\\public\\index.php')
DEBUG - 2026-09-20 17:24:14 --> Session: Class initialized using 'CodeIgniter\Session\Handlers\FileHandler' driver.
DEBUG - 2026-09-20 17:24:37 --> Session: Class initialized using 'CodeIgniter\Session\Handlers\FileHandler' driver.
DEBUG - 2026-09-20 17:34:08 --> Session: Class initialized using 'CodeIgniter\Session\Handlers\FileHandler' driver.
DEBUG - 2026-09-20 17:34:11 --> Session: Class initialized using 'CodeIgniter\Session\Handlers\FileHandler' driver.
DEBUG - 2026-09-20 17:34:15 --> Session: Class initialized using 'CodeIgniter\Session\Handlers\FileHandler' driver.
ERROR - 2026-09-20 17:34:15 --> Unknown column 'created_by_user_id' in 'field list'
in SYSTEMPATH\Database\MySQLi\Connection.php on line 300.
 1 SYSTEMPATH\Database\MySQLi\Connection.php(300): mysqli->query('INSERT INTO `sale_item` (`sale_id`, `product_id`, `quantity`, `unit_price`, `subtotal`, `Date`, `created_by_user_id`) VALUES (120, \'67\', 3, 25, 75, \'2026-09-20\', 2147483647)', 0)
 2 SYSTEMPATH\Database\BaseConnection.php(908): CodeIgniter\Database\MySQLi\Connection->execute('INSERT INTO `sale_item` (`sale_id`, `product_id`, `quantity`, `unit_price`, `subtotal`, `Date`, `created_by_user_id`) VALUES (120, \'67\', 3, 25, 75, \'2026-09-20\', 2147483647)')
 3 SYSTEMPATH\Database\BaseConnection.php(825): CodeIgniter\Database\BaseConnection->simpleQuery('INSERT INTO `sale_item` (`sale_id`, `product_id`, `quantity`, `unit_price`, `subtotal`, `Date`, `created_by_user_id`) VALUES (120, \'67\', 3, 25, 75, \'2026-09-20\', 2147483647)')
 4 SYSTEMPATH\Database\BaseBuilder.php(2343): CodeIgniter\Database\BaseConnection->query('INSERT INTO `sale_item` (`sale_id`, `product_id`, `quantity`, `unit_price`, `subtotal`, `Date`, `created_by_user_id`) VALUES (:sale_id:, :product_id:, :quantity:, :unit_price:, :subtotal:, :Date:, :created_by_user_id:)', [...], false)
 5 SYSTEMPATH\Model.php(357): CodeIgniter\Database\BaseBuilder->insert()
 6 SYSTEMPATH\BaseModel.php(899): CodeIgniter\Model->doInsert([...])
 7 SYSTEMPATH\Model.php(670): CodeIgniter\BaseModel->insert([...], true)
 8 APPPATH\Controllers\Newsales.php(523): CodeIgniter\Model->insert([...])
 9 SYSTEMPATH\CodeIgniter.php(974): App\Controllers\Newsales->checkout()
10 SYSTEMPATH\CodeIgniter.php(520): CodeIgniter\CodeIgniter->runController(Object(App\Controllers\Newsales))
11 SYSTEMPATH\CodeIgniter.php(363): CodeIgniter\CodeIgniter->handleRequest(null, Object(Config\Cache), false)
12 SYSTEMPATH\Boot.php(417): CodeIgniter\CodeIgniter->run()
13 SYSTEMPATH\Boot.php(68): CodeIgniter\Boot::runCodeIgniter(Object(CodeIgniter\CodeIgniter))
14 FCPATH\index.php(59): CodeIgniter\Boot::bootWeb(Object(Config\Paths))
15 SYSTEMPATH\rewrite.php(44): require_once('C:\\laragon\\www\\POS_SYSTEM\\public\\index.php')
DEBUG - 2026-09-20 17:34:15 --> Session: Class initialized using 'CodeIgniter\Session\Handlers\FileHandler' driver.
DEBUG - 2026-09-20 17:34:19 --> Session: Class initialized using 'CodeIgniter\Session\Handlers\FileHandler' driver.
DEBUG - 2026-09-20 17:34:20 --> Session: Class initialized using 'CodeIgniter\Session\Handlers\FileHandler' driver.
DEBUG - 2026-09-20 17:34:24 --> Session: Class initialized using 'CodeIgniter\Session\Handlers\FileHandler' driver.
DEBUG - 2026-09-20 17:34:25 --> Session: Class initialized using 'CodeIgniter\Session\Handlers\FileHandler' driver.
DEBUG - 2026-09-20 17:34:29 --> Session: Class initialized using 'CodeIgniter\Session\Handlers\FileHandler' driver.
DEBUG - 2026-09-20 17:34:29 --> Session: Class initialized using 'CodeIgniter\Session\Handlers\FileHandler' driver.
DEBUG - 2026-09-20 17:34:30 --> Session: Class initialized using 'CodeIgniter\Session\Handlers\FileHandler' driver.
DEBUG - 2026-09-20 17:34:31 --> Session: Class initialized using 'CodeIgniter\Session\Handlers\FileHandler' driver.
DEBUG - 2026-09-20 17:34:32 --> Session: Class initialized using 'CodeIgniter\Session\Handlers\FileHandler' driver.
DEBUG - 2026-09-20 17:34:34 --> Session: Class initialized using 'CodeIgniter\Session\Handlers\FileHandler' driver.
ERROR - 2026-09-20 17:34:34 --> Unknown column 'created_by_user_id' in 'field list'
in SYSTEMPATH\Database\MySQLi\Connection.php on line 300.
 1 SYSTEMPATH\Database\MySQLi\Connection.php(300): mysqli->query('INSERT INTO `sale_item` (`sale_id`, `product_id`, `quantity`, `unit_price`, `subtotal`, `Date`, `created_by_user_id`) VALUES (121, \'67\', 4, 25, 100, \'2026-09-20\', 2147483647)', 0)
 2 SYSTEMPATH\Database\BaseConnection.php(908): CodeIgniter\Database\MySQLi\Connection->execute('INSERT INTO `sale_item` (`sale_id`, `product_id`, `quantity`, `unit_price`, `subtotal`, `Date`, `created_by_user_id`) VALUES (121, \'67\', 4, 25, 100, \'2026-09-20\', 2147483647)')
 3 SYSTEMPATH\Database\BaseConnection.php(825): CodeIgniter\Database\BaseConnection->simpleQuery('INSERT INTO `sale_item` (`sale_id`, `product_id`, `quantity`, `unit_price`, `subtotal`, `Date`, `created_by_user_id`) VALUES (121, \'67\', 4, 25, 100, \'2026-09-20\', 2147483647)')
 4 SYSTEMPATH\Database\BaseBuilder.php(2343): CodeIgniter\Database\BaseConnection->query('INSERT INTO `sale_item` (`sale_id`, `product_id`, `quantity`, `unit_price`, `subtotal`, `Date`, `created_by_user_id`) VALUES (:sale_id:, :product_id:, :quantity:, :unit_price:, :subtotal:, :Date:, :created_by_user_id:)', [...], false)
 5 SYSTEMPATH\Model.php(357): CodeIgniter\Database\BaseBuilder->insert()
 6 SYSTEMPATH\BaseModel.php(899): CodeIgniter\Model->doInsert([...])
 7 SYSTEMPATH\Model.php(670): CodeIgniter\BaseModel->insert([...], true)
 8 APPPATH\Controllers\Newsales.php(523): CodeIgniter\Model->insert([...])
 9 SYSTEMPATH\CodeIgniter.php(974): App\Controllers\Newsales->checkout()
10 SYSTEMPATH\CodeIgniter.php(520): CodeIgniter\CodeIgniter->runController(Object(App\Controllers\Newsales))
11 SYSTEMPATH\CodeIgniter.php(363): CodeIgniter\CodeIgniter->handleRequest(null, Object(Config\Cache), false)
12 SYSTEMPATH\Boot.php(417): CodeIgniter\CodeIgniter->run()
13 SYSTEMPATH\Boot.php(68): CodeIgniter\Boot::runCodeIgniter(Object(CodeIgniter\CodeIgniter))
14 FCPATH\index.php(59): CodeIgniter\Boot::bootWeb(Object(Config\Paths))
15 SYSTEMPATH\rewrite.php(44): require_once('C:\\laragon\\www\\POS_SYSTEM\\public\\index.php')
DEBUG - 2026-09-20 17:34:35 --> Session: Class initialized using 'CodeIgniter\Session\Handlers\FileHandler' driver.
DEBUG - 2026-09-20 17:34:40 --> Session: Class initialized using 'CodeIgniter\Session\Handlers\FileHandler' driver.
ERROR - 2026-09-20 17:34:40 --> Unknown column 'created_by_user_id' in 'field list'
in SYSTEMPATH\Database\MySQLi\Connection.php on line 300.
 1 SYSTEMPATH\Database\MySQLi\Connection.php(300): mysqli->query('INSERT INTO `sale_item` (`sale_id`, `product_id`, `quantity`, `unit_price`, `subtotal`, `Date`, `created_by_user_id`) VALUES (122, \'67\', 4, 25, 100, \'2026-09-20\', 2147483647)', 0)
 2 SYSTEMPATH\Database\BaseConnection.php(908): CodeIgniter\Database\MySQLi\Connection->execute('INSERT INTO `sale_item` (`sale_id`, `product_id`, `quantity`, `unit_price`, `subtotal`, `Date`, `created_by_user_id`) VALUES (122, \'67\', 4, 25, 100, \'2026-09-20\', 2147483647)')
 3 SYSTEMPATH\Database\BaseConnection.php(825): CodeIgniter\Database\BaseConnection->simpleQuery('INSERT INTO `sale_item` (`sale_id`, `product_id`, `quantity`, `unit_price`, `subtotal`, `Date`, `created_by_user_id`) VALUES (122, \'67\', 4, 25, 100, \'2026-09-20\', 2147483647)')
 4 SYSTEMPATH\Database\BaseBuilder.php(2343): CodeIgniter\Database\BaseConnection->query('INSERT INTO `sale_item` (`sale_id`, `product_id`, `quantity`, `unit_price`, `subtotal`, `Date`, `created_by_user_id`) VALUES (:sale_id:, :product_id:, :quantity:, :unit_price:, :subtotal:, :Date:, :created_by_user_id:)', [...], false)
 5 SYSTEMPATH\Model.php(357): CodeIgniter\Database\BaseBuilder->insert()
 6 SYSTEMPATH\BaseModel.php(899): CodeIgniter\Model->doInsert([...])
 7 SYSTEMPATH\Model.php(670): CodeIgniter\BaseModel->insert([...], true)
 8 APPPATH\Controllers\Newsales.php(523): CodeIgniter\Model->insert([...])
 9 SYSTEMPATH\CodeIgniter.php(974): App\Controllers\Newsales->checkout()
10 SYSTEMPATH\CodeIgniter.php(520): CodeIgniter\CodeIgniter->runController(Object(App\Controllers\Newsales))
11 SYSTEMPATH\CodeIgniter.php(363): CodeIgniter\CodeIgniter->handleRequest(null, Object(Config\Cache), false)
12 SYSTEMPATH\Boot.php(417): CodeIgniter\CodeIgniter->run()
13 SYSTEMPATH\Boot.php(68): CodeIgniter\Boot::runCodeIgniter(Object(CodeIgniter\CodeIgniter))
14 FCPATH\index.php(59): CodeIgniter\Boot::bootWeb(Object(Config\Paths))
15 SYSTEMPATH\rewrite.php(44): require_once('C:\\laragon\\www\\POS_SYSTEM\\public\\index.php')
DEBUG - 2026-09-20 17:34:40 --> Session: Class initialized using 'CodeIgniter\Session\Handlers\FileHandler' driver.
DEBUG - 2026-09-20 17:35:12 --> Session: Class initialized using 'CodeIgniter\Session\Handlers\FileHandler' driver.
ERROR - 2026-09-20 17:35:12 --> Unknown column 'created_by_user_id' in 'field list'
in SYSTEMPATH\Database\MySQLi\Connection.php on line 300.
 1 SYSTEMPATH\Database\MySQLi\Connection.php(300): mysqli->query('INSERT INTO `sale_item` (`sale_id`, `product_id`, `quantity`, `unit_price`, `subtotal`, `Date`, `created_by_user_id`) VALUES (123, \'67\', 4, 25, 100, \'2026-09-20\', 2147483647)', 0)
 2 SYSTEMPATH\Database\BaseConnection.php(908): CodeIgniter\Database\MySQLi\Connection->execute('INSERT INTO `sale_item` (`sale_id`, `product_id`, `quantity`, `unit_price`, `subtotal`, `Date`, `created_by_user_id`) VALUES (123, \'67\', 4, 25, 100, \'2026-09-20\', 2147483647)')
 3 SYSTEMPATH\Database\BaseConnection.php(825): CodeIgniter\Database\BaseConnection->simpleQuery('INSERT INTO `sale_item` (`sale_id`, `product_id`, `quantity`, `unit_price`, `subtotal`, `Date`, `created_by_user_id`) VALUES (123, \'67\', 4, 25, 100, \'2026-09-20\', 2147483647)')
 4 SYSTEMPATH\Database\BaseBuilder.php(2343): CodeIgniter\Database\BaseConnection->query('INSERT INTO `sale_item` (`sale_id`, `product_id`, `quantity`, `unit_price`, `subtotal`, `Date`, `created_by_user_id`) VALUES (:sale_id:, :product_id:, :quantity:, :unit_price:, :subtotal:, :Date:, :created_by_user_id:)', [...], false)
 5 SYSTEMPATH\Model.php(357): CodeIgniter\Database\BaseBuilder->insert()
 6 SYSTEMPATH\BaseModel.php(899): CodeIgniter\Model->doInsert([...])
 7 SYSTEMPATH\Model.php(670): CodeIgniter\BaseModel->insert([...], true)
 8 APPPATH\Controllers\Newsales.php(523): CodeIgniter\Model->insert([...])
 9 SYSTEMPATH\CodeIgniter.php(974): App\Controllers\Newsales->checkout()
10 SYSTEMPATH\CodeIgniter.php(520): CodeIgniter\CodeIgniter->runController(Object(App\Controllers\Newsales))
11 SYSTEMPATH\CodeIgniter.php(363): CodeIgniter\CodeIgniter->handleRequest(null, Object(Config\Cache), false)
12 SYSTEMPATH\Boot.php(417): CodeIgniter\CodeIgniter->run()
13 SYSTEMPATH\Boot.php(68): CodeIgniter\Boot::runCodeIgniter(Object(CodeIgniter\CodeIgniter))
14 FCPATH\index.php(59): CodeIgniter\Boot::bootWeb(Object(Config\Paths))
15 SYSTEMPATH\rewrite.php(44): require_once('C:\\laragon\\www\\POS_SYSTEM\\public\\index.php')
DEBUG - 2026-09-20 17:35:13 --> Session: Class initialized using 'CodeIgniter\Session\Handlers\FileHandler' driver.
DEBUG - 2026-09-20 17:36:15 --> Session: Class initialized using 'CodeIgniter\Session\Handlers\FileHandler' driver.
DEBUG - 2026-09-20 17:36:16 --> Session: Class initialized using 'CodeIgniter\Session\Handlers\FileHandler' driver.
DEBUG - 2026-09-20 17:36:20 --> Session: Class initialized using 'CodeIgniter\Session\Handlers\FileHandler' driver.
DEBUG - 2026-09-20 17:36:21 --> Session: Class initialized using 'CodeIgniter\Session\Handlers\FileHandler' driver.
DEBUG - 2026-09-20 18:33:55 --> Session: Class initialized using 'CodeIgniter\Session\Handlers\FileHandler' driver.
DEBUG - 2026-09-20 18:33:56 --> Session: Class initialized using 'CodeIgniter\Session\Handlers\FileHandler' driver.
DEBUG - 2026-09-20 18:33:59 --> Session: Class initialized using 'CodeIgniter\Session\Handlers\FileHandler' driver.
DEBUG - 2026-09-20 18:33:59 --> Session: Class initialized using 'CodeIgniter\Session\Handlers\FileHandler' driver.
DEBUG - 2026-09-20 18:34:05 --> Session: Class initialized using 'CodeIgniter\Session\Handlers\FileHandler' driver.
ERROR - 2026-09-20 18:34:06 --> Unknown column 'created_by_user_id' in 'field list'
in SYSTEMPATH\Database\MySQLi\Connection.php on line 300.
 1 SYSTEMPATH\Database\MySQLi\Connection.php(300): mysqli->query('INSERT INTO `sale_item` (`sale_id`, `product_id`, `quantity`, `unit_price`, `subtotal`, `Date`, `created_by_user_id`) VALUES (124, \'67\', 1, 25, 25, \'2026-09-20\', 2147483647)', 0)
 2 SYSTEMPATH\Database\BaseConnection.php(908): CodeIgniter\Database\MySQLi\Connection->execute('INSERT INTO `sale_item` (`sale_id`, `product_id`, `quantity`, `unit_price`, `subtotal`, `Date`, `created_by_user_id`) VALUES (124, \'67\', 1, 25, 25, \'2026-09-20\', 2147483647)')
 3 SYSTEMPATH\Database\BaseConnection.php(825): CodeIgniter\Database\BaseConnection->simpleQuery('INSERT INTO `sale_item` (`sale_id`, `product_id`, `quantity`, `unit_price`, `subtotal`, `Date`, `created_by_user_id`) VALUES (124, \'67\', 1, 25, 25, \'2026-09-20\', 2147483647)')
 4 SYSTEMPATH\Database\BaseBuilder.php(2343): CodeIgniter\Database\BaseConnection->query('INSERT INTO `sale_item` (`sale_id`, `product_id`, `quantity`, `unit_price`, `subtotal`, `Date`, `created_by_user_id`) VALUES (:sale_id:, :product_id:, :quantity:, :unit_price:, :subtotal:, :Date:, :created_by_user_id:)', [...], false)
 5 SYSTEMPATH\Model.php(357): CodeIgniter\Database\BaseBuilder->insert()
 6 SYSTEMPATH\BaseModel.php(899): CodeIgniter\Model->doInsert([...])
 7 SYSTEMPATH\Model.php(670): CodeIgniter\BaseModel->insert([...], true)
 8 APPPATH\Controllers\Newsales.php(523): CodeIgniter\Model->insert([...])
 9 SYSTEMPATH\CodeIgniter.php(974): App\Controllers\Newsales->checkout()
10 SYSTEMPATH\CodeIgniter.php(520): CodeIgniter\CodeIgniter->runController(Object(App\Controllers\Newsales))
11 SYSTEMPATH\CodeIgniter.php(363): CodeIgniter\CodeIgniter->handleRequest(null, Object(Config\Cache), false)
12 SYSTEMPATH\Boot.php(417): CodeIgniter\CodeIgniter->run()
13 SYSTEMPATH\Boot.php(68): CodeIgniter\Boot::runCodeIgniter(Object(CodeIgniter\CodeIgniter))
14 FCPATH\index.php(59): CodeIgniter\Boot::bootWeb(Object(Config\Paths))
15 SYSTEMPATH\rewrite.php(44): require_once('C:\\laragon\\www\\POS_SYSTEM\\public\\index.php')
ERROR - 2026-09-20 18:34:06 --> Unknown column 'created_by_user_id' in 'field list'
in SYSTEMPATH\Database\MySQLi\Connection.php on line 300.
 1 SYSTEMPATH\Database\MySQLi\Connection.php(300): mysqli->query('INSERT INTO `sale_item` (`sale_id`, `product_id`, `quantity`, `unit_price`, `subtotal`, `Date`, `created_by_user_id`) VALUES (124, \'38\', 2, 25, 50, \'2026-09-20\', 2147483647)', 0)
 2 SYSTEMPATH\Database\BaseConnection.php(908): CodeIgniter\Database\MySQLi\Connection->execute('INSERT INTO `sale_item` (`sale_id`, `product_id`, `quantity`, `unit_price`, `subtotal`, `Date`, `created_by_user_id`) VALUES (124, \'38\', 2, 25, 50, \'2026-09-20\', 2147483647)')
 3 SYSTEMPATH\Database\BaseConnection.php(825): CodeIgniter\Database\BaseConnection->simpleQuery('INSERT INTO `sale_item` (`sale_id`, `product_id`, `quantity`, `unit_price`, `subtotal`, `Date`, `created_by_user_id`) VALUES (124, \'38\', 2, 25, 50, \'2026-09-20\', 2147483647)')
 4 SYSTEMPATH\Database\BaseBuilder.php(2343): CodeIgniter\Database\BaseConnection->query('INSERT INTO `sale_item` (`sale_id`, `product_id`, `quantity`, `unit_price`, `subtotal`, `Date`, `created_by_user_id`) VALUES (:sale_id:, :product_id:, :quantity:, :unit_price:, :subtotal:, :Date:, :created_by_user_id:)', [...], false)
 5 SYSTEMPATH\Model.php(357): CodeIgniter\Database\BaseBuilder->insert()
 6 SYSTEMPATH\BaseModel.php(899): CodeIgniter\Model->doInsert([...])
 7 SYSTEMPATH\Model.php(670): CodeIgniter\BaseModel->insert([...], true)
 8 APPPATH\Controllers\Newsales.php(523): CodeIgniter\Model->insert([...])
 9 SYSTEMPATH\CodeIgniter.php(974): App\Controllers\Newsales->checkout()
10 SYSTEMPATH\CodeIgniter.php(520): CodeIgniter\CodeIgniter->runController(Object(App\Controllers\Newsales))
11 SYSTEMPATH\CodeIgniter.php(363): CodeIgniter\CodeIgniter->handleRequest(null, Object(Config\Cache), false)
12 SYSTEMPATH\Boot.php(417): CodeIgniter\CodeIgniter->run()
13 SYSTEMPATH\Boot.php(68): CodeIgniter\Boot::runCodeIgniter(Object(CodeIgniter\CodeIgniter))
14 FCPATH\index.php(59): CodeIgniter\Boot::bootWeb(Object(Config\Paths))
15 SYSTEMPATH\rewrite.php(44): require_once('C:\\laragon\\www\\POS_SYSTEM\\public\\index.php')
DEBUG - 2026-09-20 18:34:06 --> Session: Class initialized using 'CodeIgniter\Session\Handlers\FileHandler' driver.
DEBUG - 2026-09-20 18:39:09 --> Session: Class initialized using 'CodeIgniter\Session\Handlers\FileHandler' driver.
DEBUG - 2026-09-20 18:39:11 --> Session: Class initialized using 'CodeIgniter\Session\Handlers\FileHandler' driver.
DEBUG - 2026-09-20 18:40:15 --> Session: Class initialized using 'CodeIgniter\Session\Handlers\FileHandler' driver.
DEBUG - 2026-09-20 18:40:15 --> Session: Class initialized using 'CodeIgniter\Session\Handlers\FileHandler' driver.
DEBUG - 2026-09-20 18:40:25 --> Session: Class initialized using 'CodeIgniter\Session\Handlers\FileHandler' driver.
DEBUG - 2026-09-20 18:40:25 --> Session: Class initialized using 'CodeIgniter\Session\Handlers\FileHandler' driver.
DEBUG - 2026-09-20 18:43:39 --> Session: Class initialized using 'CodeIgniter\Session\Handlers\FileHandler' driver.
DEBUG - 2026-09-20 18:43:44 --> Session: Class initialized using 'CodeIgniter\Session\Handlers\FileHandler' driver.
DEBUG - 2026-09-20 18:43:44 --> Session: Class initialized using 'CodeIgniter\Session\Handlers\FileHandler' driver.
DEBUG - 2026-09-20 18:43:47 --> Session: Class initialized using 'CodeIgniter\Session\Handlers\FileHandler' driver.
DEBUG - 2026-09-20 18:43:47 --> Session: Class initialized using 'CodeIgniter\Session\Handlers\FileHandler' driver.
DEBUG - 2026-09-20 18:43:50 --> Session: Class initialized using 'CodeIgniter\Session\Handlers\FileHandler' driver.
DEBUG - 2026-09-20 18:43:50 --> Session: Class initialized using 'CodeIgniter\Session\Handlers\FileHandler' driver.
DEBUG - 2026-09-20 18:43:58 --> Session: Class initialized using 'CodeIgniter\Session\Handlers\FileHandler' driver.
DEBUG - 2026-09-20 18:43:59 --> Session: Class initialized using 'CodeIgniter\Session\Handlers\FileHandler' driver.
DEBUG - 2026-09-20 18:46:30 --> Session: Class initialized using 'CodeIgniter\Session\Handlers\FileHandler' driver.
DEBUG - 2026-09-20 18:46:38 --> Session: Class initialized using 'CodeIgniter\Session\Handlers\FileHandler' driver.
DEBUG - 2026-09-20 18:46:38 --> Session: Class initialized using 'CodeIgniter\Session\Handlers\FileHandler' driver.
DEBUG - 2026-09-20 18:46:43 --> Session: Class initialized using 'CodeIgniter\Session\Handlers\FileHandler' driver.
DEBUG - 2026-09-20 18:46:43 --> Session: Class initialized using 'CodeIgniter\Session\Handlers\FileHandler' driver.
DEBUG - 2026-09-20 18:46:49 --> Session: Class initialized using 'CodeIgniter\Session\Handlers\FileHandler' driver.
DEBUG - 2026-09-20 18:46:49 --> Session: Class initialized using 'CodeIgniter\Session\Handlers\FileHandler' driver.
DEBUG - 2026-09-20 18:46:59 --> Session: Class initialized using 'CodeIgniter\Session\Handlers\FileHandler' driver.
DEBUG - 2026-09-20 18:46:59 --> Session: Class initialized using 'CodeIgniter\Session\Handlers\FileHandler' driver.
DEBUG - 2026-09-20 18:51:40 --> Session: Class initialized using 'CodeIgniter\Session\Handlers\FileHandler' driver.
DEBUG - 2026-09-20 18:51:43 --> Session: Class initialized using 'CodeIgniter\Session\Handlers\FileHandler' driver.
DEBUG - 2026-09-20 18:51:43 --> Session: Class initialized using 'CodeIgniter\Session\Handlers\FileHandler' driver.
DEBUG - 2026-09-20 18:51:45 --> Session: Class initialized using 'CodeIgniter\Session\Handlers\FileHandler' driver.
DEBUG - 2026-09-20 18:51:45 --> Session: Class initialized using 'CodeIgniter\Session\Handlers\FileHandler' driver.
DEBUG - 2026-09-20 18:51:48 --> Session: Class initialized using 'CodeIgniter\Session\Handlers\FileHandler' driver.
DEBUG - 2026-09-20 18:51:52 --> Session: Class initialized using 'CodeIgniter\Session\Handlers\FileHandler' driver.
DEBUG - 2026-09-20 18:51:54 --> Session: Class initialized using 'CodeIgniter\Session\Handlers\FileHandler' driver.
DEBUG - 2026-09-20 18:51:57 --> Session: Class initialized using 'CodeIgniter\Session\Handlers\FileHandler' driver.
DEBUG - 2026-09-20 18:51:57 --> Session: Class initialized using 'CodeIgniter\Session\Handlers\FileHandler' driver.
DEBUG - 2026-09-20 18:51:59 --> Session: Class initialized using 'CodeIgniter\Session\Handlers\FileHandler' driver.
DEBUG - 2026-09-20 18:52:00 --> Session: Class initialized using 'CodeIgniter\Session\Handlers\FileHandler' driver.
DEBUG - 2026-09-20 19:02:24 --> Session: Class initialized using 'CodeIgniter\Session\Handlers\FileHandler' driver.
DEBUG - 2026-09-20 19:02:25 --> Session: Class initialized using 'CodeIgniter\Session\Handlers\FileHandler' driver.
DEBUG - 2026-09-20 19:02:28 --> Session: Class initialized using 'CodeIgniter\Session\Handlers\FileHandler' driver.
DEBUG - 2026-09-20 19:02:30 --> Session: Class initialized using 'CodeIgniter\Session\Handlers\FileHandler' driver.
DEBUG - 2026-09-20 19:02:32 --> Session: Class initialized using 'CodeIgniter\Session\Handlers\FileHandler' driver.
DEBUG - 2026-09-20 19:02:32 --> Session: Class initialized using 'CodeIgniter\Session\Handlers\FileHandler' driver.
DEBUG - 2026-09-20 19:02:34 --> Session: Class initialized using 'CodeIgniter\Session\Handlers\FileHandler' driver.
DEBUG - 2026-09-20 19:02:35 --> Session: Class initialized using 'CodeIgniter\Session\Handlers\FileHandler' driver.
DEBUG - 2026-09-20 19:02:36 --> Session: Class initialized using 'CodeIgniter\Session\Handlers\FileHandler' driver.
DEBUG - 2026-09-20 19:02:37 --> Session: Class initialized using 'CodeIgniter\Session\Handlers\FileHandler' driver.
DEBUG - 2026-09-20 19:04:34 --> Session: Class initialized using 'CodeIgniter\Session\Handlers\FileHandler' driver.
DEBUG - 2026-09-20 19:04:35 --> Session: Class initialized using 'CodeIgniter\Session\Handlers\FileHandler' driver.
DEBUG - 2026-09-20 19:04:37 --> Session: Class initialized using 'CodeIgniter\Session\Handlers\FileHandler' driver.
DEBUG - 2026-09-20 19:04:39 --> Session: Class initialized using 'CodeIgniter\Session\Handlers\FileHandler' driver.
DEBUG - 2026-09-20 19:04:39 --> Session: Class initialized using 'CodeIgniter\Session\Handlers\FileHandler' driver.
DEBUG - 2026-09-20 19:09:07 --> Session: Class initialized using 'CodeIgniter\Session\Handlers\FileHandler' driver.
DEBUG - 2026-09-20 19:09:09 --> Session: Class initialized using 'CodeIgniter\Session\Handlers\FileHandler' driver.
DEBUG - 2026-09-20 19:09:10 --> Session: Class initialized using 'CodeIgniter\Session\Handlers\FileHandler' driver.
DEBUG - 2026-09-20 19:09:23 --> Session: Class initialized using 'CodeIgniter\Session\Handlers\FileHandler' driver.
DEBUG - 2026-09-20 19:09:24 --> Session: Class initialized using 'CodeIgniter\Session\Handlers\FileHandler' driver.
DEBUG - 2026-09-20 19:09:36 --> Session: Class initialized using 'CodeIgniter\Session\Handlers\FileHandler' driver.
DEBUG - 2026-09-20 19:09:36 --> Session: Class initialized using 'CodeIgniter\Session\Handlers\FileHandler' driver.
DEBUG - 2026-09-20 19:09:39 --> Session: Class initialized using 'CodeIgniter\Session\Handlers\FileHandler' driver.
DEBUG - 2026-09-20 19:09:39 --> Session: Class initialized using 'CodeIgniter\Session\Handlers\FileHandler' driver.
DEBUG - 2026-09-20 19:09:43 --> Session: Class initialized using 'CodeIgniter\Session\Handlers\FileHandler' driver.
DEBUG - 2026-09-20 19:09:44 --> Session: Class initialized using 'CodeIgniter\Session\Handlers\FileHandler' driver.
DEBUG - 2026-09-20 19:09:49 --> Session: Class initialized using 'CodeIgniter\Session\Handlers\FileHandler' driver.
ERROR - 2026-09-20 19:09:49 --> Unknown column 'created_by_user_user' in 'field list'
in SYSTEMPATH\Database\MySQLi\Connection.php on line 300.
 1 SYSTEMPATH\Database\MySQLi\Connection.php(300): mysqli->query('INSERT INTO `sale_item` (`sale_id`, `product_id`, `quantity`, `unit_price`, `subtotal`, `Date`, `created_by_user_user`) VALUES (129, \'27\', 2, 25, 50, \'2026-09-20\', 2147483647)', 0)
 2 SYSTEMPATH\Database\BaseConnection.php(908): CodeIgniter\Database\MySQLi\Connection->execute('INSERT INTO `sale_item` (`sale_id`, `product_id`, `quantity`, `unit_price`, `subtotal`, `Date`, `created_by_user_user`) VALUES (129, \'27\', 2, 25, 50, \'2026-09-20\', 2147483647)')
 3 SYSTEMPATH\Database\BaseConnection.php(825): CodeIgniter\Database\BaseConnection->simpleQuery('INSERT INTO `sale_item` (`sale_id`, `product_id`, `quantity`, `unit_price`, `subtotal`, `Date`, `created_by_user_user`) VALUES (129, \'27\', 2, 25, 50, \'2026-09-20\', 2147483647)')
 4 SYSTEMPATH\Database\BaseBuilder.php(2343): CodeIgniter\Database\BaseConnection->query('INSERT INTO `sale_item` (`sale_id`, `product_id`, `quantity`, `unit_price`, `subtotal`, `Date`, `created_by_user_user`) VALUES (:sale_id:, :product_id:, :quantity:, :unit_price:, :subtotal:, :Date:, :created_by_user_user:)', [...], false)
 5 SYSTEMPATH\Model.php(357): CodeIgniter\Database\BaseBuilder->insert()
 6 SYSTEMPATH\BaseModel.php(899): CodeIgniter\Model->doInsert([...])
 7 SYSTEMPATH\Model.php(670): CodeIgniter\BaseModel->insert([...], true)
 8 APPPATH\Controllers\Newsales.php(520): CodeIgniter\Model->insert([...])
 9 SYSTEMPATH\CodeIgniter.php(974): App\Controllers\Newsales->checkout()
10 SYSTEMPATH\CodeIgniter.php(520): CodeIgniter\CodeIgniter->runController(Object(App\Controllers\Newsales))
11 SYSTEMPATH\CodeIgniter.php(363): CodeIgniter\CodeIgniter->handleRequest(null, Object(Config\Cache), false)
12 SYSTEMPATH\Boot.php(417): CodeIgniter\CodeIgniter->run()
13 SYSTEMPATH\Boot.php(68): CodeIgniter\Boot::runCodeIgniter(Object(CodeIgniter\CodeIgniter))
14 FCPATH\index.php(59): CodeIgniter\Boot::bootWeb(Object(Config\Paths))
15 SYSTEMPATH\rewrite.php(44): require_once('C:\\laragon\\www\\POS_SYSTEM\\public\\index.php')
ERROR - 2026-09-20 19:09:49 --> Unknown column 'created_by_user_user' in 'field list'
in SYSTEMPATH\Database\MySQLi\Connection.php on line 300.
 1 SYSTEMPATH\Database\MySQLi\Connection.php(300): mysqli->query('INSERT INTO `sale_item` (`sale_id`, `product_id`, `quantity`, `unit_price`, `subtotal`, `Date`, `created_by_user_user`) VALUES (129, \'49\', 1, 6, 6, \'2026-09-20\', 2147483647)', 0)
 2 SYSTEMPATH\Database\BaseConnection.php(908): CodeIgniter\Database\MySQLi\Connection->execute('INSERT INTO `sale_item` (`sale_id`, `product_id`, `quantity`, `unit_price`, `subtotal`, `Date`, `created_by_user_user`) VALUES (129, \'49\', 1, 6, 6, \'2026-09-20\', 2147483647)')
 3 SYSTEMPATH\Database\BaseConnection.php(825): CodeIgniter\Database\BaseConnection->simpleQuery('INSERT INTO `sale_item` (`sale_id`, `product_id`, `quantity`, `unit_price`, `subtotal`, `Date`, `created_by_user_user`) VALUES (129, \'49\', 1, 6, 6, \'2026-09-20\', 2147483647)')
 4 SYSTEMPATH\Database\BaseBuilder.php(2343): CodeIgniter\Database\BaseConnection->query('INSERT INTO `sale_item` (`sale_id`, `product_id`, `quantity`, `unit_price`, `subtotal`, `Date`, `created_by_user_user`) VALUES (:sale_id:, :product_id:, :quantity:, :unit_price:, :subtotal:, :Date:, :created_by_user_user:)', [...], false)
 5 SYSTEMPATH\Model.php(357): CodeIgniter\Database\BaseBuilder->insert()
 6 SYSTEMPATH\BaseModel.php(899): CodeIgniter\Model->doInsert([...])
 7 SYSTEMPATH\Model.php(670): CodeIgniter\BaseModel->insert([...], true)
 8 APPPATH\Controllers\Newsales.php(520): CodeIgniter\Model->insert([...])
 9 SYSTEMPATH\CodeIgniter.php(974): App\Controllers\Newsales->checkout()
10 SYSTEMPATH\CodeIgniter.php(520): CodeIgniter\CodeIgniter->runController(Object(App\Controllers\Newsales))
11 SYSTEMPATH\CodeIgniter.php(363): CodeIgniter\CodeIgniter->handleRequest(null, Object(Config\Cache), false)
12 SYSTEMPATH\Boot.php(417): CodeIgniter\CodeIgniter->run()
13 SYSTEMPATH\Boot.php(68): CodeIgniter\Boot::runCodeIgniter(Object(CodeIgniter\CodeIgniter))
14 FCPATH\index.php(59): CodeIgniter\Boot::bootWeb(Object(Config\Paths))
15 SYSTEMPATH\rewrite.php(44): require_once('C:\\laragon\\www\\POS_SYSTEM\\public\\index.php')
DEBUG - 2026-09-20 19:09:50 --> Session: Class initialized using 'CodeIgniter\Session\Handlers\FileHandler' driver.
DEBUG - 2026-09-20 19:09:57 --> Session: Class initialized using 'CodeIgniter\Session\Handlers\FileHandler' driver.
ERROR - 2026-09-20 19:09:57 --> Unknown column 'created_by_user_user' in 'field list'
in SYSTEMPATH\Database\MySQLi\Connection.php on line 300.
 1 SYSTEMPATH\Database\MySQLi\Connection.php(300): mysqli->query('INSERT INTO `sale_item` (`sale_id`, `product_id`, `quantity`, `unit_price`, `subtotal`, `Date`, `created_by_user_user`) VALUES (130, \'27\', 2, 25, 50, \'2026-09-20\', 2147483647)', 0)
 2 SYSTEMPATH\Database\BaseConnection.php(908): CodeIgniter\Database\MySQLi\Connection->execute('INSERT INTO `sale_item` (`sale_id`, `product_id`, `quantity`, `unit_price`, `subtotal`, `Date`, `created_by_user_user`) VALUES (130, \'27\', 2, 25, 50, \'2026-09-20\', 2147483647)')
 3 SYSTEMPATH\Database\BaseConnection.php(825): CodeIgniter\Database\BaseConnection->simpleQuery('INSERT INTO `sale_item` (`sale_id`, `product_id`, `quantity`, `unit_price`, `subtotal`, `Date`, `created_by_user_user`) VALUES (130, \'27\', 2, 25, 50, \'2026-09-20\', 2147483647)')
 4 SYSTEMPATH\Database\BaseBuilder.php(2343): CodeIgniter\Database\BaseConnection->query('INSERT INTO `sale_item` (`sale_id`, `product_id`, `quantity`, `unit_price`, `subtotal`, `Date`, `created_by_user_user`) VALUES (:sale_id:, :product_id:, :quantity:, :unit_price:, :subtotal:, :Date:, :created_by_user_user:)', [...], false)
 5 SYSTEMPATH\Model.php(357): CodeIgniter\Database\BaseBuilder->insert()
 6 SYSTEMPATH\BaseModel.php(899): CodeIgniter\Model->doInsert([...])
 7 SYSTEMPATH\Model.php(670): CodeIgniter\BaseModel->insert([...], true)
 8 APPPATH\Controllers\Newsales.php(520): CodeIgniter\Model->insert([...])
 9 SYSTEMPATH\CodeIgniter.php(974): App\Controllers\Newsales->checkout()
10 SYSTEMPATH\CodeIgniter.php(520): CodeIgniter\CodeIgniter->runController(Object(App\Controllers\Newsales))
11 SYSTEMPATH\CodeIgniter.php(363): CodeIgniter\CodeIgniter->handleRequest(null, Object(Config\Cache), false)
12 SYSTEMPATH\Boot.php(417): CodeIgniter\CodeIgniter->run()
13 SYSTEMPATH\Boot.php(68): CodeIgniter\Boot::runCodeIgniter(Object(CodeIgniter\CodeIgniter))
14 FCPATH\index.php(59): CodeIgniter\Boot::bootWeb(Object(Config\Paths))
15 SYSTEMPATH\rewrite.php(44): require_once('C:\\laragon\\www\\POS_SYSTEM\\public\\index.php')
ERROR - 2026-09-20 19:09:57 --> Unknown column 'created_by_user_user' in 'field list'
in SYSTEMPATH\Database\MySQLi\Connection.php on line 300.
 1 SYSTEMPATH\Database\MySQLi\Connection.php(300): mysqli->query('INSERT INTO `sale_item` (`sale_id`, `product_id`, `quantity`, `unit_price`, `subtotal`, `Date`, `created_by_user_user`) VALUES (130, \'49\', 1, 6, 6, \'2026-09-20\', 2147483647)', 0)
 2 SYSTEMPATH\Database\BaseConnection.php(908): CodeIgniter\Database\MySQLi\Connection->execute('INSERT INTO `sale_item` (`sale_id`, `product_id`, `quantity`, `unit_price`, `subtotal`, `Date`, `created_by_user_user`) VALUES (130, \'49\', 1, 6, 6, \'2026-09-20\', 2147483647)')
 3 SYSTEMPATH\Database\BaseConnection.php(825): CodeIgniter\Database\BaseConnection->simpleQuery('INSERT INTO `sale_item` (`sale_id`, `product_id`, `quantity`, `unit_price`, `subtotal`, `Date`, `created_by_user_user`) VALUES (130, \'49\', 1, 6, 6, \'2026-09-20\', 2147483647)')
 4 SYSTEMPATH\Database\BaseBuilder.php(2343): CodeIgniter\Database\BaseConnection->query('INSERT INTO `sale_item` (`sale_id`, `product_id`, `quantity`, `unit_price`, `subtotal`, `Date`, `created_by_user_user`) VALUES (:sale_id:, :product_id:, :quantity:, :unit_price:, :subtotal:, :Date:, :created_by_user_user:)', [...], false)
 5 SYSTEMPATH\Model.php(357): CodeIgniter\Database\BaseBuilder->insert()
 6 SYSTEMPATH\BaseModel.php(899): CodeIgniter\Model->doInsert([...])
 7 SYSTEMPATH\Model.php(670): CodeIgniter\BaseModel->insert([...], true)
 8 APPPATH\Controllers\Newsales.php(520): CodeIgniter\Model->insert([...])
 9 SYSTEMPATH\CodeIgniter.php(974): App\Controllers\Newsales->checkout()
10 SYSTEMPATH\CodeIgniter.php(520): CodeIgniter\CodeIgniter->runController(Object(App\Controllers\Newsales))
11 SYSTEMPATH\CodeIgniter.php(363): CodeIgniter\CodeIgniter->handleRequest(null, Object(Config\Cache), false)
12 SYSTEMPATH\Boot.php(417): CodeIgniter\CodeIgniter->run()
13 SYSTEMPATH\Boot.php(68): CodeIgniter\Boot::runCodeIgniter(Object(CodeIgniter\CodeIgniter))
14 FCPATH\index.php(59): CodeIgniter\Boot::bootWeb(Object(Config\Paths))
15 SYSTEMPATH\rewrite.php(44): require_once('C:\\laragon\\www\\POS_SYSTEM\\public\\index.php')
DEBUG - 2026-09-20 19:09:57 --> Session: Class initialized using 'CodeIgniter\Session\Handlers\FileHandler' driver.
DEBUG - 2026-09-20 19:12:23 --> Session: Class initialized using 'CodeIgniter\Session\Handlers\FileHandler' driver.
DEBUG - 2026-09-20 19:12:27 --> Session: Class initialized using 'CodeIgniter\Session\Handlers\FileHandler' driver.
DEBUG - 2026-09-20 19:12:29 --> Session: Class initialized using 'CodeIgniter\Session\Handlers\FileHandler' driver.
DEBUG - 2026-09-20 19:12:30 --> Session: Class initialized using 'CodeIgniter\Session\Handlers\FileHandler' driver.
DEBUG - 2026-09-20 19:12:35 --> Session: Class initialized using 'CodeIgniter\Session\Handlers\FileHandler' driver.
DEBUG - 2026-09-20 19:12:35 --> Session: Class initialized using 'CodeIgniter\Session\Handlers\FileHandler' driver.
DEBUG - 2026-09-20 19:12:38 --> Session: Class initialized using 'CodeIgniter\Session\Handlers\FileHandler' driver.
DEBUG - 2026-09-20 19:12:39 --> Session: Class initialized using 'CodeIgniter\Session\Handlers\FileHandler' driver.
DEBUG - 2026-09-20 19:12:42 --> Session: Class initialized using 'CodeIgniter\Session\Handlers\FileHandler' driver.
DEBUG - 2026-09-20 19:12:42 --> Session: Class initialized using 'CodeIgniter\Session\Handlers\FileHandler' driver.
DEBUG - 2026-09-20 19:12:52 --> Session: Class initialized using 'CodeIgniter\Session\Handlers\FileHandler' driver.
DEBUG - 2026-09-20 19:12:52 --> Checkout committed: sale_id=131, user_id=2147483647, item_count=2
DEBUG - 2026-09-20 19:12:52 --> Session: Class initialized using 'CodeIgniter\Session\Handlers\FileHandler' driver.
DEBUG - 2026-09-20 19:13:02 --> Session: Class initialized using 'CodeIgniter\Session\Handlers\FileHandler' driver.
DEBUG - 2026-09-20 19:13:02 --> Payment session check: sale_id=131, status=PENDING, total=70
DEBUG - 2026-09-20 19:13:02 --> Session: Class initialized using 'CodeIgniter\Session\Handlers\FileHandler' driver.
DEBUG - 2026-09-20 19:13:08 --> Session: Class initialized using 'CodeIgniter\Session\Handlers\FileHandler' driver.
DEBUG - 2026-09-20 19:13:23 --> Session: Class initialized using 'CodeIgniter\Session\Handlers\FileHandler' driver.
DEBUG - 2026-09-20 19:13:23 --> Session: Class initialized using 'CodeIgniter\Session\Handlers\FileHandler' driver.
DEBUG - 2026-09-20 19:13:28 --> Session: Class initialized using 'CodeIgniter\Session\Handlers\FileHandler' driver.
DEBUG - 2026-09-20 19:13:28 --> Session: Class initialized using 'CodeIgniter\Session\Handlers\FileHandler' driver.
DEBUG - 2026-09-20 19:13:30 --> Session: Class initialized using 'CodeIgniter\Session\Handlers\FileHandler' driver.
DEBUG - 2026-09-20 19:13:30 --> Session: Class initialized using 'CodeIgniter\Session\Handlers\FileHandler' driver.
DEBUG - 2026-09-20 19:13:32 --> Session: Class initialized using 'CodeIgniter\Session\Handlers\FileHandler' driver.
DEBUG - 2026-09-20 19:13:32 --> Session: Class initialized using 'CodeIgniter\Session\Handlers\FileHandler' driver.
DEBUG - 2026-09-20 19:13:34 --> Session: Class initialized using 'CodeIgniter\Session\Handlers\FileHandler' driver.
DEBUG - 2026-09-20 19:13:34 --> Session: Class initialized using 'CodeIgniter\Session\Handlers\FileHandler' driver.
DEBUG - 2026-09-20 19:13:36 --> Session: Class initialized using 'CodeIgniter\Session\Handlers\FileHandler' driver.
DEBUG - 2026-09-20 19:13:36 --> Session: Class initialized using 'CodeIgniter\Session\Handlers\FileHandler' driver.
DEBUG - 2026-09-20 19:13:40 --> Session: Class initialized using 'CodeIgniter\Session\Handlers\FileHandler' driver.
DEBUG - 2026-09-20 19:13:40 --> Session: Class initialized using 'CodeIgniter\Session\Handlers\FileHandler' driver.
DEBUG - 2026-09-20 19:13:43 --> Session: Class initialized using 'CodeIgniter\Session\Handlers\FileHandler' driver.
DEBUG - 2026-09-20 19:13:43 --> Checkout committed: sale_id=132, user_id=2147483647, item_count=3
DEBUG - 2026-09-20 19:13:43 --> Session: Class initialized using 'CodeIgniter\Session\Handlers\FileHandler' driver.
DEBUG - 2026-09-20 19:13:52 --> Session: Class initialized using 'CodeIgniter\Session\Handlers\FileHandler' driver.
DEBUG - 2026-09-20 19:13:52 --> Payment session check: sale_id=132, status=PENDING, total=82
DEBUG - 2026-09-20 19:13:52 --> Session: Class initialized using 'CodeIgniter\Session\Handlers\FileHandler' driver.
DEBUG - 2026-09-20 19:13:59 --> Session: Class initialized using 'CodeIgniter\Session\Handlers\FileHandler' driver.
DEBUG - 2026-09-20 19:13:59 --> Session: Class initialized using 'CodeIgniter\Session\Handlers\FileHandler' driver.
DEBUG - 2026-09-20 19:14:37 --> Session: Class initialized using 'CodeIgniter\Session\Handlers\FileHandler' driver.
DEBUG - 2026-09-20 19:14:38 --> Session: Class initialized using 'CodeIgniter\Session\Handlers\FileHandler' driver.
DEBUG - 2026-09-20 19:14:42 --> Session: Class initialized using 'CodeIgniter\Session\Handlers\FileHandler' driver.
DEBUG - 2026-09-20 19:14:42 --> Session: Class initialized using 'CodeIgniter\Session\Handlers\FileHandler' driver.
DEBUG - 2026-09-20 19:14:45 --> Session: Class initialized using 'CodeIgniter\Session\Handlers\FileHandler' driver.
DEBUG - 2026-09-20 19:14:46 --> Session: Class initialized using 'CodeIgniter\Session\Handlers\FileHandler' driver.
DEBUG - 2026-09-20 19:14:49 --> Session: Class initialized using 'CodeIgniter\Session\Handlers\FileHandler' driver.
DEBUG - 2026-09-20 19:14:49 --> Checkout committed: sale_id=133, user_id=2147483647, item_count=1
DEBUG - 2026-09-20 19:14:50 --> Session: Class initialized using 'CodeIgniter\Session\Handlers\FileHandler' driver.
DEBUG - 2026-09-20 19:15:00 --> Session: Class initialized using 'CodeIgniter\Session\Handlers\FileHandler' driver.
DEBUG - 2026-09-20 19:15:01 --> Payment session check: sale_id=133, status=PENDING, total=35
DEBUG - 2026-09-20 19:15:01 --> Session: Class initialized using 'CodeIgniter\Session\Handlers\FileHandler' driver.
DEBUG - 2026-09-20 19:15:32 --> Session: Class initialized using 'CodeIgniter\Session\Handlers\FileHandler' driver.
DEBUG - 2026-09-20 19:15:33 --> Session: Class initialized using 'CodeIgniter\Session\Handlers\FileHandler' driver.
DEBUG - 2026-09-20 19:22:59 --> Session: Class initialized using 'CodeIgniter\Session\Handlers\FileHandler' driver.
DEBUG - 2026-09-20 19:22:59 --> Session: Class initialized using 'CodeIgniter\Session\Handlers\FileHandler' driver.
DEBUG - 2026-09-20 19:23:02 --> Session: Class initialized using 'CodeIgniter\Session\Handlers\FileHandler' driver.
DEBUG - 2026-09-20 19:23:02 --> Checkout committed: sale_id=134, user_id=jackbanda, item_count=1
DEBUG - 2026-09-20 19:23:03 --> Session: Class initialized using 'CodeIgniter\Session\Handlers\FileHandler' driver.
DEBUG - 2026-09-20 19:23:12 --> Session: Class initialized using 'CodeIgniter\Session\Handlers\FileHandler' driver.
DEBUG - 2026-09-20 19:23:12 --> Payment session check: sale_id=134, status=PENDING, total=14
DEBUG - 2026-09-20 19:23:12 --> Session: Class initialized using 'CodeIgniter\Session\Handlers\FileHandler' driver.
DEBUG - 2026-09-20 19:23:32 --> Session: Class initialized using 'CodeIgniter\Session\Handlers\FileHandler' driver.
DEBUG - 2026-09-20 19:23:32 --> Session: Class initialized using 'CodeIgniter\Session\Handlers\FileHandler' driver.
DEBUG - 2026-09-20 19:23:58 --> Session: Class initialized using 'CodeIgniter\Session\Handlers\FileHandler' driver.
DEBUG - 2026-09-20 19:23:58 --> Session: Class initialized using 'CodeIgniter\Session\Handlers\FileHandler' driver.
DEBUG - 2026-09-20 19:24:00 --> Session: Class initialized using 'CodeIgniter\Session\Handlers\FileHandler' driver.
DEBUG - 2026-09-20 19:24:00 --> Session: Class initialized using 'CodeIgniter\Session\Handlers\FileHandler' driver.
DEBUG - 2026-09-20 19:24:01 --> Session: Class initialized using 'CodeIgniter\Session\Handlers\FileHandler' driver.
DEBUG - 2026-09-20 19:24:01 --> Session: Class initialized using 'CodeIgniter\Session\Handlers\FileHandler' driver.
DEBUG - 2026-09-20 19:24:03 --> Session: Class initialized using 'CodeIgniter\Session\Handlers\FileHandler' driver.
DEBUG - 2026-09-20 19:24:03 --> Checkout committed: sale_id=135, user_id=jackbanda, item_count=1
DEBUG - 2026-09-20 19:24:03 --> Session: Class initialized using 'CodeIgniter\Session\Handlers\FileHandler' driver.
DEBUG - 2026-09-20 19:24:16 --> Session: Class initialized using 'CodeIgniter\Session\Handlers\FileHandler' driver.
DEBUG - 2026-09-20 19:24:16 --> Payment session check: sale_id=135, status=PENDING, total=42
DEBUG - 2026-09-20 19:24:16 --> Session: Class initialized using 'CodeIgniter\Session\Handlers\FileHandler' driver.
DEBUG - 2026-09-20 19:24:31 --> Session: Class initialized using 'CodeIgniter\Session\Handlers\FileHandler' driver.
DEBUG - 2026-09-20 19:24:31 --> Session: Class initialized using 'CodeIgniter\Session\Handlers\FileHandler' driver.
DEBUG - 2026-09-20 19:37:14 --> Session: Class initialized using 'CodeIgniter\Session\Handlers\FileHandler' driver.
DEBUG - 2026-09-20 19:37:15 --> Session: Class initialized using 'CodeIgniter\Session\Handlers\FileHandler' driver.
DEBUG - 2026-09-20 19:37:17 --> Session: Class initialized using 'CodeIgniter\Session\Handlers\FileHandler' driver.
DEBUG - 2026-09-20 19:37:17 --> Session: Class initialized using 'CodeIgniter\Session\Handlers\FileHandler' driver.
DEBUG - 2026-09-20 19:37:18 --> Session: Class initialized using 'CodeIgniter\Session\Handlers\FileHandler' driver.
DEBUG - 2026-09-20 19:37:19 --> Session: Class initialized using 'CodeIgniter\Session\Handlers\FileHandler' driver.
DEBUG - 2026-09-20 19:37:20 --> Session: Class initialized using 'CodeIgniter\Session\Handlers\FileHandler' driver.
DEBUG - 2026-09-20 19:37:21 --> Session: Class initialized using 'CodeIgniter\Session\Handlers\FileHandler' driver.
DEBUG - 2026-09-20 19:37:35 --> Session: Class initialized using 'CodeIgniter\Session\Handlers\FileHandler' driver.
DEBUG - 2026-09-20 19:37:40 --> Session: Class initialized using 'CodeIgniter\Session\Handlers\FileHandler' driver.
DEBUG - 2026-09-20 19:37:44 --> Session: Class initialized using 'CodeIgniter\Session\Handlers\FileHandler' driver.
DEBUG - 2026-09-20 19:38:11 --> Session: Class initialized using 'CodeIgniter\Session\Handlers\FileHandler' driver.
DEBUG - 2026-09-20 19:38:12 --> SELECT `sale`.`sale_id`, `sale`.`sale_date`, `user`.`username` AS `username`, COUNT(sale_item.sale_item_id) AS items_count, `sale`.`total_amount`, `sale`.`status`
FROM `sale`
LEFT JOIN `sale_item` ON `sale`.`sale_id` = `sale_item`.`sale_id`
LEFT JOIN `user` ON `sale`.`handled_by_user` = `user`.`user_id`
GROUP BY `sale`.`sale_id`
ORDER BY `sale`.`sale_date` DESC
 LIMIT 50
DEBUG - 2026-09-20 19:38:13 --> Session: Class initialized using 'CodeIgniter\Session\Handlers\FileHandler' driver.
DEBUG - 2026-09-20 19:38:14 --> SELECT `sale`.`sale_id`, `sale`.`sale_date`, `user`.`username` AS `username`, COUNT(sale_item.sale_item_id) AS items_count, `sale`.`total_amount`, `sale`.`status`
FROM `sale`
LEFT JOIN `sale_item` ON `sale`.`sale_id` = `sale_item`.`sale_id`
LEFT JOIN `user` ON `sale`.`handled_by_user` = `user`.`user_id`
WHERE `sale`.`status` = 'OPEN'
GROUP BY `sale`.`sale_id`
ORDER BY `sale`.`sale_date` DESC
 LIMIT 50
DEBUG - 2026-09-20 19:38:14 --> Session: Class initialized using 'CodeIgniter\Session\Handlers\FileHandler' driver.
DEBUG - 2026-09-20 19:38:19 --> SELECT `sale`.`sale_id`, `sale`.`sale_date`, `user`.`username` AS `username`, COUNT(sale_item.sale_item_id) AS items_count, `sale`.`total_amount`, `sale`.`status`
FROM `sale`
LEFT JOIN `sale_item` ON `sale`.`sale_id` = `sale_item`.`sale_id`
LEFT JOIN `user` ON `sale`.`handled_by_user` = `user`.`user_id`
WHERE `sale`.`status` = 'PAID'
GROUP BY `sale`.`sale_id`
ORDER BY `sale`.`sale_date` DESC
 LIMIT 50
DEBUG - 2026-09-20 19:38:19 --> Session: Class initialized using 'CodeIgniter\Session\Handlers\FileHandler' driver.
DEBUG - 2026-09-20 19:38:23 --> SELECT `sale`.`sale_id`, `sale`.`sale_date`, `user`.`username` AS `username`, COUNT(sale_item.sale_item_id) AS items_count, `sale`.`total_amount`, `sale`.`status`
FROM `sale`
LEFT JOIN `sale_item` ON `sale`.`sale_id` = `sale_item`.`sale_id`
LEFT JOIN `user` ON `sale`.`handled_by_user` = `user`.`user_id`
WHERE `sale`.`status` = 'CANCELED'
GROUP BY `sale`.`sale_id`
ORDER BY `sale`.`sale_date` DESC
 LIMIT 50
DEBUG - 2026-09-20 19:38:23 --> Session: Class initialized using 'CodeIgniter\Session\Handlers\FileHandler' driver.
DEBUG - 2026-09-20 19:38:27 --> SELECT `sale`.`sale_id`, `sale`.`sale_date`, `user`.`username` AS `username`, COUNT(sale_item.sale_item_id) AS items_count, `sale`.`total_amount`, `sale`.`status`
FROM `sale`
LEFT JOIN `sale_item` ON `sale`.`sale_id` = `sale_item`.`sale_id`
LEFT JOIN `user` ON `sale`.`handled_by_user` = `user`.`user_id`
GROUP BY `sale`.`sale_id`
ORDER BY `sale`.`sale_date` DESC
 LIMIT 50
DEBUG - 2026-09-20 19:38:27 --> Session: Class initialized using 'CodeIgniter\Session\Handlers\FileHandler' driver.
DEBUG - 2026-09-20 19:44:31 --> SELECT `sale`.`sale_id`, `sale`.`sale_date`, `user`.`username` AS `username`, COUNT(sale_item.sale_item_id) AS items_count, `sale`.`total_amount`, `sale`.`status`
FROM `sale`
LEFT JOIN `sale_item` ON `sale`.`sale_id` = `sale_item`.`sale_id`
LEFT JOIN `user` ON `sale`.`handled_by_user` = `user`.`user_id`
WHERE `sale`.`status` = 'OPEN'
GROUP BY `sale`.`sale_id`
ORDER BY `sale`.`sale_date` DESC
 LIMIT 50
DEBUG - 2026-09-20 19:44:31 --> Session: Class initialized using 'CodeIgniter\Session\Handlers\FileHandler' driver.
DEBUG - 2026-09-20 19:44:34 --> SELECT `sale`.`sale_id`, `sale`.`sale_date`, `user`.`username` AS `username`, COUNT(sale_item.sale_item_id) AS items_count, `sale`.`total_amount`, `sale`.`status`
FROM `sale`
LEFT JOIN `sale_item` ON `sale`.`sale_id` = `sale_item`.`sale_id`
LEFT JOIN `user` ON `sale`.`handled_by_user` = `user`.`user_id`
WHERE `sale`.`status` IN ('CANCELED','CANCELLED')
GROUP BY `sale`.`sale_id`
ORDER BY `sale`.`sale_date` DESC
 LIMIT 50
DEBUG - 2026-09-20 19:44:34 --> Session: Class initialized using 'CodeIgniter\Session\Handlers\FileHandler' driver.
DEBUG - 2026-09-20 19:44:38 --> SELECT `sale`.`sale_id`, `sale`.`sale_date`, `user`.`username` AS `username`, COUNT(sale_item.sale_item_id) AS items_count, `sale`.`total_amount`, `sale`.`status`
FROM `sale`
LEFT JOIN `sale_item` ON `sale`.`sale_id` = `sale_item`.`sale_id`
LEFT JOIN `user` ON `sale`.`handled_by_user` = `user`.`user_id`
WHERE `sale`.`status` = 'PAID'
GROUP BY `sale`.`sale_id`
ORDER BY `sale`.`sale_date` DESC
 LIMIT 50
DEBUG - 2026-09-20 19:44:38 --> Session: Class initialized using 'CodeIgniter\Session\Handlers\FileHandler' driver.
DEBUG - 2026-09-20 19:44:39 --> SELECT `sale`.`sale_id`, `sale`.`sale_date`, `user`.`username` AS `username`, COUNT(sale_item.sale_item_id) AS items_count, `sale`.`total_amount`, `sale`.`status`
FROM `sale`
LEFT JOIN `sale_item` ON `sale`.`sale_id` = `sale_item`.`sale_id`
LEFT JOIN `user` ON `sale`.`handled_by_user` = `user`.`user_id`
WHERE `sale`.`status` = 'OPEN'
GROUP BY `sale`.`sale_id`
ORDER BY `sale`.`sale_date` DESC
 LIMIT 50
DEBUG - 2026-09-20 19:44:39 --> Session: Class initialized using 'CodeIgniter\Session\Handlers\FileHandler' driver.
DEBUG - 2026-09-20 19:44:41 --> SELECT `sale`.`sale_id`, `sale`.`sale_date`, `user`.`username` AS `username`, COUNT(sale_item.sale_item_id) AS items_count, `sale`.`total_amount`, `sale`.`status`
FROM `sale`
LEFT JOIN `sale_item` ON `sale`.`sale_id` = `sale_item`.`sale_id`
LEFT JOIN `user` ON `sale`.`handled_by_user` = `user`.`user_id`
GROUP BY `sale`.`sale_id`
ORDER BY `sale`.`sale_date` DESC
 LIMIT 50
DEBUG - 2026-09-20 19:44:41 --> Session: Class initialized using 'CodeIgniter\Session\Handlers\FileHandler' driver.
DEBUG - 2026-09-20 19:48:37 --> Session: Class initialized using 'CodeIgniter\Session\Handlers\FileHandler' driver.
DEBUG - 2026-09-20 19:48:40 --> SELECT `sale`.`sale_id`, `sale`.`sale_date`, `user`.`username` AS `username`, COUNT(sale_item.sale_item_id) AS items_count, `sale`.`total_amount`, `sale`.`status`
FROM `sale`
LEFT JOIN `sale_item` ON `sale`.`sale_id` = `sale_item`.`sale_id`
LEFT JOIN `user` ON `sale`.`handled_by_user` = `user`.`user_id`
WHERE `sale`.`status` IN ('OPEN','PENDING')
GROUP BY `sale`.`sale_id`
ORDER BY `sale`.`sale_date` DESC
 LIMIT 50
DEBUG - 2026-09-20 19:48:40 --> Sales status result: requested=OPEN, count=121, ids=1,2,3,4,5,6,7,8,9,10,11,12,13,14,15,16,17,18,19,20,21,22,23,24,25,26,27,28,29,30,31,32,33,34,35,36,37,38,39,40,41,42,43,44,45,46,47,48,49,50,51,52,53,54,55,56,57,58,59,60,61,62,63,64,65,66,67,68,69,70,71,72,73,74,75,76,77,78,79,80,81,82,83,84,85,86,92,93,94,95,96,97,98,99,100,101,102,103,104,105,106,107,108,109,110,111,112,113,114,115,116,117,125,126,127,128,131,132,133,134,135
DEBUG - 2026-09-20 19:48:40 --> Session: Class initialized using 'CodeIgniter\Session\Handlers\FileHandler' driver.
DEBUG - 2026-09-20 19:48:45 --> SELECT `sale`.`sale_id`, `sale`.`sale_date`, `user`.`username` AS `username`, COUNT(sale_item.sale_item_id) AS items_count, `sale`.`total_amount`, `sale`.`status`
FROM `sale`
LEFT JOIN `sale_item` ON `sale`.`sale_id` = `sale_item`.`sale_id`
LEFT JOIN `user` ON `sale`.`handled_by_user` = `user`.`user_id`
WHERE `sale`.`status` = 'PAID'
GROUP BY `sale`.`sale_id`
ORDER BY `sale`.`sale_date` DESC
 LIMIT 50
DEBUG - 2026-09-20 19:48:45 --> Sales status result: requested=PAID, count=121, ids=1,2,3,4,5,6,7,8,9,10,11,12,13,14,15,16,17,18,19,20,21,22,23,24,25,26,27,28,29,30,31,32,33,34,35,36,37,38,39,40,41,42,43,44,45,46,47,48,49,50,51,52,53,54,55,56,57,58,59,60,61,62,63,64,65,66,67,68,69,70,71,72,73,74,75,76,77,78,79,80,81,82,83,84,85,86,92,93,94,95,96,97,98,99,100,101,102,103,104,105,106,107,108,109,110,111,112,113,114,115,116,117,125,126,127,128,131,132,133,134,135
DEBUG - 2026-09-20 19:48:45 --> Session: Class initialized using 'CodeIgniter\Session\Handlers\FileHandler' driver.
DEBUG - 2026-09-20 19:55:38 --> SELECT `sale`.`sale_id`, `sale`.`sale_date`, `user`.`username` AS `username`, COUNT(sale_item.sale_item_id) AS items_count, `sale`.`total_amount`, `sale`.`status`
FROM `sale`
LEFT JOIN `sale_item` ON `sale`.`sale_id` = `sale_item`.`sale_id`
LEFT JOIN `user` ON `sale`.`handled_by_user` = `user`.`user_id`
WHERE `sale`.`status` = 'PAID'
GROUP BY `sale`.`sale_id`
ORDER BY `sale`.`sale_date` DESC
 LIMIT 50
DEBUG - 2026-09-20 19:55:38 --> Sales status result: requested=PAID, count=50, ids=135,134,133,132,131,126,125,117,114,115,112,113,107,97,99,102,104,105,106,108,93,92,6,2,1,86,84,82,80,81,78,76,77,74,72,71,70,68,67,66,65,63,62,61,58,57,56,54,53,52
DEBUG - 2026-09-20 19:55:38 --> Session: Class initialized using 'CodeIgniter\Session\Handlers\FileHandler' driver.
DEBUG - 2026-09-20 19:55:40 --> SELECT `sale`.`sale_id`, `sale`.`sale_date`, `user`.`username` AS `username`, COUNT(sale_item.sale_item_id) AS items_count, `sale`.`total_amount`, `sale`.`status`
FROM `sale`
LEFT JOIN `sale_item` ON `sale`.`sale_id` = `sale_item`.`sale_id`
LEFT JOIN `user` ON `sale`.`handled_by_user` = `user`.`user_id`
WHERE `sale`.`status` = 'PAID'
GROUP BY `sale`.`sale_id`
ORDER BY `sale`.`sale_date` DESC
 LIMIT 50
DEBUG - 2026-09-20 19:55:40 --> Sales status result: requested=PAID, count=50, ids=135,134,133,132,131,126,125,117,114,115,112,113,107,97,99,102,104,105,106,108,93,92,6,2,1,86,84,82,80,81,78,76,77,74,72,71,70,68,67,66,65,63,62,61,58,57,56,54,53,52
DEBUG - 2026-09-20 19:55:40 --> Session: Class initialized using 'CodeIgniter\Session\Handlers\FileHandler' driver.
DEBUG - 2026-09-20 19:55:45 --> SELECT `sale`.`sale_id`, `sale`.`sale_date`, `user`.`username` AS `username`, COUNT(sale_item.sale_item_id) AS items_count, `sale`.`total_amount`, `sale`.`status`
FROM `sale`
LEFT JOIN `sale_item` ON `sale`.`sale_id` = `sale_item`.`sale_id`
LEFT JOIN `user` ON `sale`.`handled_by_user` = `user`.`user_id`
WHERE `sale`.`status` IN ('CANCELED','CANCELLED')
GROUP BY `sale`.`sale_id`
ORDER BY `sale`.`sale_date` DESC
 LIMIT 50
DEBUG - 2026-09-20 19:55:45 --> Sales status result: requested=CANCELED, count=10, ids=127,5,83,73,59,49,41,31,21,11
DEBUG - 2026-09-20 19:55:45 --> Session: Class initialized using 'CodeIgniter\Session\Handlers\FileHandler' driver.
DEBUG - 2026-09-20 19:55:48 --> SELECT `sale`.`sale_id`, `sale`.`sale_date`, `user`.`username` AS `username`, COUNT(sale_item.sale_item_id) AS items_count, `sale`.`total_amount`, `sale`.`status`
FROM `sale`
LEFT JOIN `sale_item` ON `sale`.`sale_id` = `sale_item`.`sale_id`
LEFT JOIN `user` ON `sale`.`handled_by_user` = `user`.`user_id`
WHERE `sale`.`status` IN ('OPEN','PENDING')
GROUP BY `sale`.`sale_id`
ORDER BY `sale`.`sale_date` DESC
 LIMIT 50
DEBUG - 2026-09-20 19:55:48 --> Sales status result: requested=OPEN, count=28, ids=128,116,110,111,100,101,103,96,95,94,3,4,85,79,75,69,64,60,55,51,44,39,34,27,23,18,14,9
DEBUG - 2026-09-20 19:55:48 --> Session: Class initialized using 'CodeIgniter\Session\Handlers\FileHandler' driver.
DEBUG - 2026-09-20 19:55:51 --> SELECT `sale`.`sale_id`, `sale`.`sale_date`, `user`.`username` AS `username`, COUNT(sale_item.sale_item_id) AS items_count, `sale`.`total_amount`, `sale`.`status`
FROM `sale`
LEFT JOIN `sale_item` ON `sale`.`sale_id` = `sale_item`.`sale_id`
LEFT JOIN `user` ON `sale`.`handled_by_user` = `user`.`user_id`
GROUP BY `sale`.`sale_id`
ORDER BY `sale`.`sale_date` DESC
 LIMIT 50
DEBUG - 2026-09-20 19:55:51 --> Sales status result: requested=ALL, count=50, ids=135,134,133,132,128,117,125,126,131,127,116,113,114,115,110,111,112,102,100,103,104,105,106,107,109,108,101,97,98,99,96,95,92,93,94,6,2,1,5,4,3,86,85,84,82,83,80,81,78,79
DEBUG - 2026-09-20 19:55:51 --> Session: Class initialized using 'CodeIgniter\Session\Handlers\FileHandler' driver.
DEBUG - 2026-09-20 19:58:10 --> Session: Class initialized using 'CodeIgniter\Session\Handlers\FileHandler' driver.
DEBUG - 2026-09-20 19:58:55 --> Session: Class initialized using 'CodeIgniter\Session\Handlers\FileHandler' driver.
DEBUG - 2026-09-20 19:59:07 --> Session: Class initialized using 'CodeIgniter\Session\Handlers\FileHandler' driver.
DEBUG - 2026-09-20 19:59:11 --> Session: Class initialized using 'CodeIgniter\Session\Handlers\FileHandler' driver.
DEBUG - 2026-09-20 19:59:11 --> Session: Class initialized using 'CodeIgniter\Session\Handlers\FileHandler' driver.
DEBUG - 2026-09-20 19:59:13 --> Session: Class initialized using 'CodeIgniter\Session\Handlers\FileHandler' driver.
DEBUG - 2026-09-20 19:59:14 --> Session: Class initialized using 'CodeIgniter\Session\Handlers\FileHandler' driver.
DEBUG - 2026-09-20 19:59:15 --> Session: Class initialized using 'CodeIgniter\Session\Handlers\FileHandler' driver.
DEBUG - 2026-09-20 19:59:15 --> Session: Class initialized using 'CodeIgniter\Session\Handlers\FileHandler' driver.
DEBUG - 2026-09-20 19:59:21 --> Session: Class initialized using 'CodeIgniter\Session\Handlers\FileHandler' driver.
DEBUG - 2026-09-20 19:59:22 --> Session: Class initialized using 'CodeIgniter\Session\Handlers\FileHandler' driver.
DEBUG - 2026-09-20 19:59:24 --> Session: Class initialized using 'CodeIgniter\Session\Handlers\FileHandler' driver.
DEBUG - 2026-09-20 19:59:24 --> Session: Class initialized using 'CodeIgniter\Session\Handlers\FileHandler' driver.
DEBUG - 2026-09-20 19:59:27 --> Session: Class initialized using 'CodeIgniter\Session\Handlers\FileHandler' driver.
DEBUG - 2026-09-20 19:59:27 --> Checkout committed: sale_id=136, user_id=jackbanda, item_count=2
DEBUG - 2026-09-20 19:59:28 --> Session: Class initialized using 'CodeIgniter\Session\Handlers\FileHandler' driver.
DEBUG - 2026-09-20 19:59:36 --> Session: Class initialized using 'CodeIgniter\Session\Handlers\FileHandler' driver.
DEBUG - 2026-09-20 19:59:36 --> Payment session check: sale_id=136, status=PENDING, total=126
DEBUG - 2026-09-20 19:59:36 --> Session: Class initialized using 'CodeIgniter\Session\Handlers\FileHandler' driver.
DEBUG - 2026-09-20 19:59:45 --> Session: Class initialized using 'CodeIgniter\Session\Handlers\FileHandler' driver.
DEBUG - 2026-09-20 19:59:45 --> Session: Class initialized using 'CodeIgniter\Session\Handlers\FileHandler' driver.
DEBUG - 2026-09-20 19:59:53 --> Session: Class initialized using 'CodeIgniter\Session\Handlers\FileHandler' driver.
DEBUG - 2026-09-20 19:59:57 --> SELECT `sale`.`sale_id`, `sale`.`sale_date`, `user`.`username` AS `username`, COUNT(sale_item.sale_item_id) AS items_count, `sale`.`total_amount`, `sale`.`status`
FROM `sale`
LEFT JOIN `sale_item` ON `sale`.`sale_id` = `sale_item`.`sale_id`
LEFT JOIN `user` ON `sale`.`handled_by_user` = `user`.`user_id`
WHERE `sale`.`status` IN ('OPEN','PENDING')
GROUP BY `sale`.`sale_id`
ORDER BY `sale`.`sale_date` DESC
 LIMIT 50
DEBUG - 2026-09-20 19:59:57 --> Sales status result: requested=OPEN, count=28, ids=128,116,110,111,100,101,103,96,95,94,3,4,85,79,75,69,64,60,55,51,44,39,34,27,23,18,14,9
DEBUG - 2026-09-20 19:59:57 --> Session: Class initialized using 'CodeIgniter\Session\Handlers\FileHandler' driver.
DEBUG - 2026-09-20 20:00:02 --> SELECT `sale`.`sale_id`, `sale`.`sale_date`, `user`.`username` AS `username`, COUNT(sale_item.sale_item_id) AS items_count, `sale`.`total_amount`, `sale`.`status`
FROM `sale`
LEFT JOIN `sale_item` ON `sale`.`sale_id` = `sale_item`.`sale_id`
LEFT JOIN `user` ON `sale`.`handled_by_user` = `user`.`user_id`
WHERE `sale`.`status` = 'PAID'
GROUP BY `sale`.`sale_id`
ORDER BY `sale`.`sale_date` DESC
 LIMIT 50
DEBUG - 2026-09-20 20:00:02 --> Sales status result: requested=PAID, count=50, ids=136,135,134,133,132,131,126,125,117,115,112,113,114,107,97,99,102,104,105,106,108,93,92,6,2,1,86,84,82,80,81,78,77,76,74,72,71,70,68,67,66,65,63,62,61,58,57,56,54,53
DEBUG - 2026-09-20 20:00:02 --> Session: Class initialized using 'CodeIgniter\Session\Handlers\FileHandler' driver.
DEBUG - 2026-09-20 20:00:05 --> SELECT `sale`.`sale_id`, `sale`.`sale_date`, `user`.`username` AS `username`, COUNT(sale_item.sale_item_id) AS items_count, `sale`.`total_amount`, `sale`.`status`
FROM `sale`
LEFT JOIN `sale_item` ON `sale`.`sale_id` = `sale_item`.`sale_id`
LEFT JOIN `user` ON `sale`.`handled_by_user` = `user`.`user_id`
WHERE `sale`.`status` IN ('CANCELED','CANCELLED')
GROUP BY `sale`.`sale_id`
ORDER BY `sale`.`sale_date` DESC
 LIMIT 50
DEBUG - 2026-09-20 20:00:05 --> Sales status result: requested=CANCELED, count=10, ids=127,5,83,73,59,49,41,31,21,11
DEBUG - 2026-09-20 20:00:05 --> Session: Class initialized using 'CodeIgniter\Session\Handlers\FileHandler' driver.
DEBUG - 2026-09-20 20:00:08 --> Session: Class initialized using 'CodeIgniter\Session\Handlers\FileHandler' driver.
DEBUG - 2026-09-20 20:00:15 --> Session: Class initialized using 'CodeIgniter\Session\Handlers\FileHandler' driver.
DEBUG - 2026-09-20 20:27:26 --> Session: Class initialized using 'CodeIgniter\Session\Handlers\FileHandler' driver.
DEBUG - 2026-09-20 20:27:37 --> Session: Class initialized using 'CodeIgniter\Session\Handlers\FileHandler' driver.
DEBUG - 2026-09-20 20:27:43 --> Session: Class initialized using 'CodeIgniter\Session\Handlers\FileHandler' driver.
ERROR - 2026-09-20 20:50:54 --> Unknown column 'product.stock' in 'field list'
in SYSTEMPATH\Database\MySQLi\Connection.php on line 300.
 1 SYSTEMPATH\Database\MySQLi\Connection.php(300): mysqli->query('SELECT `product`.`product_name`, `category`.`category_name`, `product`.`price`, `product`.`stock`
FROM `category`
JOIN `product` ON `product`.`category_id`=`category`.`category_id`
WHERE `category_name` LIKE \'%Beverage%\' ESCAPE \'!\'
GROUP BY `product_name`
ORDER BY `created_at` DESC
 LIMIT 50', 0)
 2 SYSTEMPATH\Database\BaseConnection.php(908): CodeIgniter\Database\MySQLi\Connection->execute('SELECT `product`.`product_name`, `category`.`category_name`, `product`.`price`, `product`.`stock`
FROM `category`
JOIN `product` ON `product`.`category_id`=`category`.`category_id`
WHERE `category_name` LIKE \'%Beverage%\' ESCAPE \'!\'
GROUP BY `product_name`
ORDER BY `created_at` DESC
 LIMIT 50')
 3 SYSTEMPATH\Database\BaseConnection.php(825): CodeIgniter\Database\BaseConnection->simpleQuery('SELECT `product`.`product_name`, `category`.`category_name`, `product`.`price`, `product`.`stock`
FROM `category`
JOIN `product` ON `product`.`category_id`=`category`.`category_id`
WHERE `category_name` LIKE \'%Beverage%\' ESCAPE \'!\'
GROUP BY `product_name`
ORDER BY `created_at` DESC
 LIMIT 50')
 4 SYSTEMPATH\Database\BaseBuilder.php(1647): CodeIgniter\Database\BaseConnection->query('SELECT `product`.`product_name`, `category`.`category_name`, `product`.`price`, `product`.`stock`
FROM `category`
JOIN `product` ON `product`.`category_id`=`category`.`category_id`
WHERE `category_name` LIKE :category_name: ESCAPE \'!\'
GROUP BY `product_name`
ORDER BY `created_at` DESC
 LIMIT 50', [...], false)
 5 SYSTEMPATH\Model.php(255): CodeIgniter\Database\BaseBuilder->get()
 6 SYSTEMPATH\BaseModel.php(676): CodeIgniter\Model->doFindAll(0, 0)
 7 APPPATH\Controllers\ProductController.php(80): CodeIgniter\BaseModel->findAll()
 8 SYSTEMPATH\CodeIgniter.php(974): App\Controllers\Productcontroller->categories_navbar()
 9 SYSTEMPATH\CodeIgniter.php(520): CodeIgniter\CodeIgniter->runController(Object(App\Controllers\Productcontroller))
10 SYSTEMPATH\CodeIgniter.php(363): CodeIgniter\CodeIgniter->handleRequest(null, Object(Config\Cache), false)
11 SYSTEMPATH\Boot.php(417): CodeIgniter\CodeIgniter->run()
12 SYSTEMPATH\Boot.php(68): CodeIgniter\Boot::runCodeIgniter(Object(CodeIgniter\CodeIgniter))
13 FCPATH\index.php(59): CodeIgniter\Boot::bootWeb(Object(Config\Paths))
14 SYSTEMPATH\rewrite.php(44): require_once('C:\\laragon\\www\\POS_SYSTEM\\public\\index.php')
CRITICAL - 2026-09-20 20:50:54 --> CodeIgniter\Database\Exceptions\DatabaseException: Unknown column 'product.stock' in 'field list'
[Method: GET, Route: product/categories_navbar]
in SYSTEMPATH\Database\BaseConnection.php on line 863.
 1 SYSTEMPATH\Database\BaseBuilder.php(1647): CodeIgniter\Database\BaseConnection->query('SELECT `product`.`product_name`, `category`.`category_name`, `product`.`price`, `product`.`stock`
FROM `category`
JOIN `product` ON `product`.`category_id`=`category`.`category_id`
WHERE `category_name` LIKE :category_name: ESCAPE \'!\'
GROUP BY `product_name`
ORDER BY `created_at` DESC
 LIMIT 50', [...], false)
 2 SYSTEMPATH\Model.php(255): CodeIgniter\Database\BaseBuilder->get()
 3 SYSTEMPATH\BaseModel.php(676): CodeIgniter\Model->doFindAll(0, 0)
 4 APPPATH\Controllers\ProductController.php(80): CodeIgniter\BaseModel->findAll()
 5 SYSTEMPATH\CodeIgniter.php(974): App\Controllers\Productcontroller->categories_navbar()
 6 SYSTEMPATH\CodeIgniter.php(520): CodeIgniter\CodeIgniter->runController(Object(App\Controllers\Productcontroller))
 7 SYSTEMPATH\CodeIgniter.php(363): CodeIgniter\CodeIgniter->handleRequest(null, Object(Config\Cache), false)
 8 SYSTEMPATH\Boot.php(417): CodeIgniter\CodeIgniter->run()
 9 SYSTEMPATH\Boot.php(68): CodeIgniter\Boot::runCodeIgniter(Object(CodeIgniter\CodeIgniter))
10 FCPATH\index.php(59): CodeIgniter\Boot::bootWeb(Object(Config\Paths))
11 SYSTEMPATH\rewrite.php(44): require_once('C:\\laragon\\www\\POS_SYSTEM\\public\\index.php')
CRITICAL - 2026-09-20 20:50:54 --> [Caused by] CodeIgniter\Database\Exceptions\DatabaseException: Unknown column 'product.stock' in 'field list'
in SYSTEMPATH\Database\MySQLi\Connection.php on line 310.
 1 SYSTEMPATH\Database\BaseConnection.php(908): CodeIgniter\Database\MySQLi\Connection->execute('SELECT `product`.`product_name`, `category`.`category_name`, `product`.`price`, `product`.`stock`
FROM `category`
JOIN `product` ON `product`.`category_id`=`category`.`category_id`
WHERE `category_name` LIKE \'%Beverage%\' ESCAPE \'!\'
GROUP BY `product_name`
ORDER BY `created_at` DESC
 LIMIT 50')
 2 SYSTEMPATH\Database\BaseConnection.php(825): CodeIgniter\Database\BaseConnection->simpleQuery('SELECT `product`.`product_name`, `category`.`category_name`, `product`.`price`, `product`.`stock`
FROM `category`
JOIN `product` ON `product`.`category_id`=`category`.`category_id`
WHERE `category_name` LIKE \'%Beverage%\' ESCAPE \'!\'
GROUP BY `product_name`
ORDER BY `created_at` DESC
 LIMIT 50')
 3 SYSTEMPATH\Database\BaseBuilder.php(1647): CodeIgniter\Database\BaseConnection->query('SELECT `product`.`product_name`, `category`.`category_name`, `product`.`price`, `product`.`stock`
FROM `category`
JOIN `product` ON `product`.`category_id`=`category`.`category_id`
WHERE `category_name` LIKE :category_name: ESCAPE \'!\'
GROUP BY `product_name`
ORDER BY `created_at` DESC
 LIMIT 50', [...], false)
 4 SYSTEMPATH\Model.php(255): CodeIgniter\Database\BaseBuilder->get()
 5 SYSTEMPATH\BaseModel.php(676): CodeIgniter\Model->doFindAll(0, 0)
 6 APPPATH\Controllers\ProductController.php(80): CodeIgniter\BaseModel->findAll()
 7 SYSTEMPATH\CodeIgniter.php(974): App\Controllers\Productcontroller->categories_navbar()
 8 SYSTEMPATH\CodeIgniter.php(520): CodeIgniter\CodeIgniter->runController(Object(App\Controllers\Productcontroller))
 9 SYSTEMPATH\CodeIgniter.php(363): CodeIgniter\CodeIgniter->handleRequest(null, Object(Config\Cache), false)
10 SYSTEMPATH\Boot.php(417): CodeIgniter\CodeIgniter->run()
11 SYSTEMPATH\Boot.php(68): CodeIgniter\Boot::runCodeIgniter(Object(CodeIgniter\CodeIgniter))
12 FCPATH\index.php(59): CodeIgniter\Boot::bootWeb(Object(Config\Paths))
13 SYSTEMPATH\rewrite.php(44): require_once('C:\\laragon\\www\\POS_SYSTEM\\public\\index.php')
CRITICAL - 2026-09-20 20:50:54 --> [Caused by] mysqli_sql_exception: Unknown column 'product.stock' in 'field list'
in SYSTEMPATH\Database\MySQLi\Connection.php on line 300.
 1 SYSTEMPATH\Database\MySQLi\Connection.php(300): mysqli->query('SELECT `product`.`product_name`, `category`.`category_name`, `product`.`price`, `product`.`stock`
FROM `category`
JOIN `product` ON `product`.`category_id`=`category`.`category_id`
WHERE `category_name` LIKE \'%Beverage%\' ESCAPE \'!\'
GROUP BY `product_name`
ORDER BY `created_at` DESC
 LIMIT 50', 0)
 2 SYSTEMPATH\Database\BaseConnection.php(908): CodeIgniter\Database\MySQLi\Connection->execute('SELECT `product`.`product_name`, `category`.`category_name`, `product`.`price`, `product`.`stock`
FROM `category`
JOIN `product` ON `product`.`category_id`=`category`.`category_id`
WHERE `category_name` LIKE \'%Beverage%\' ESCAPE \'!\'
GROUP BY `product_name`
ORDER BY `created_at` DESC
 LIMIT 50')
 3 SYSTEMPATH\Database\BaseConnection.php(825): CodeIgniter\Database\BaseConnection->simpleQuery('SELECT `product`.`product_name`, `category`.`category_name`, `product`.`price`, `product`.`stock`
FROM `category`
JOIN `product` ON `product`.`category_id`=`category`.`category_id`
WHERE `category_name` LIKE \'%Beverage%\' ESCAPE \'!\'
GROUP BY `product_name`
ORDER BY `created_at` DESC
 LIMIT 50')
 4 SYSTEMPATH\Database\BaseBuilder.php(1647): CodeIgniter\Database\BaseConnection->query('SELECT `product`.`product_name`, `category`.`category_name`, `product`.`price`, `product`.`stock`
FROM `category`
JOIN `product` ON `product`.`category_id`=`category`.`category_id`
WHERE `category_name` LIKE :category_name: ESCAPE \'!\'
GROUP BY `product_name`
ORDER BY `created_at` DESC
 LIMIT 50', [...], false)
 5 SYSTEMPATH\Model.php(255): CodeIgniter\Database\BaseBuilder->get()
 6 SYSTEMPATH\BaseModel.php(676): CodeIgniter\Model->doFindAll(0, 0)
 7 APPPATH\Controllers\ProductController.php(80): CodeIgniter\BaseModel->findAll()
 8 SYSTEMPATH\CodeIgniter.php(974): App\Controllers\Productcontroller->categories_navbar()
 9 SYSTEMPATH\CodeIgniter.php(520): CodeIgniter\CodeIgniter->runController(Object(App\Controllers\Productcontroller))
10 SYSTEMPATH\CodeIgniter.php(363): CodeIgniter\CodeIgniter->handleRequest(null, Object(Config\Cache), false)
11 SYSTEMPATH\Boot.php(417): CodeIgniter\CodeIgniter->run()
12 SYSTEMPATH\Boot.php(68): CodeIgniter\Boot::runCodeIgniter(Object(CodeIgniter\CodeIgniter))
13 FCPATH\index.php(59): CodeIgniter\Boot::bootWeb(Object(Config\Paths))
14 SYSTEMPATH\rewrite.php(44): require_once('C:\\laragon\\www\\POS_SYSTEM\\public\\index.php')
ERROR - 2026-09-20 20:52:02 --> Column 'created_at' in order clause is ambiguous
in SYSTEMPATH\Database\MySQLi\Connection.php on line 300.
 1 SYSTEMPATH\Database\MySQLi\Connection.php(300): mysqli->query('SELECT `product`.`product_name`, `category`.`category_name`, `product`.`price`, `product`.`stock_quantity`
FROM `category`
JOIN `product` ON `product`.`category_id`=`category`.`category_id`
WHERE `category_name` LIKE \'%Beverage%\' ESCAPE \'!\'
GROUP BY `product_name`
ORDER BY `created_at` DESC
 LIMIT 50', 0)
 2 SYSTEMPATH\Database\BaseConnection.php(908): CodeIgniter\Database\MySQLi\Connection->execute('SELECT `product`.`product_name`, `category`.`category_name`, `product`.`price`, `product`.`stock_quantity`
FROM `category`
JOIN `product` ON `product`.`category_id`=`category`.`category_id`
WHERE `category_name` LIKE \'%Beverage%\' ESCAPE \'!\'
GROUP BY `product_name`
ORDER BY `created_at` DESC
 LIMIT 50')
 3 SYSTEMPATH\Database\BaseConnection.php(825): CodeIgniter\Database\BaseConnection->simpleQuery('SELECT `product`.`product_name`, `category`.`category_name`, `product`.`price`, `product`.`stock_quantity`
FROM `category`
JOIN `product` ON `product`.`category_id`=`category`.`category_id`
WHERE `category_name` LIKE \'%Beverage%\' ESCAPE \'!\'
GROUP BY `product_name`
ORDER BY `created_at` DESC
 LIMIT 50')
 4 SYSTEMPATH\Database\BaseBuilder.php(1647): CodeIgniter\Database\BaseConnection->query('SELECT `product`.`product_name`, `category`.`category_name`, `product`.`price`, `product`.`stock_quantity`
FROM `category`
JOIN `product` ON `product`.`category_id`=`category`.`category_id`
WHERE `category_name` LIKE :category_name: ESCAPE \'!\'
GROUP BY `product_name`
ORDER BY `created_at` DESC
 LIMIT 50', [...], false)
 5 SYSTEMPATH\Model.php(255): CodeIgniter\Database\BaseBuilder->get()
 6 SYSTEMPATH\BaseModel.php(676): CodeIgniter\Model->doFindAll(0, 0)
 7 APPPATH\Controllers\ProductController.php(80): CodeIgniter\BaseModel->findAll()
 8 SYSTEMPATH\CodeIgniter.php(974): App\Controllers\Productcontroller->categories_navbar()
 9 SYSTEMPATH\CodeIgniter.php(520): CodeIgniter\CodeIgniter->runController(Object(App\Controllers\Productcontroller))
10 SYSTEMPATH\CodeIgniter.php(363): CodeIgniter\CodeIgniter->handleRequest(null, Object(Config\Cache), false)
11 SYSTEMPATH\Boot.php(417): CodeIgniter\CodeIgniter->run()
12 SYSTEMPATH\Boot.php(68): CodeIgniter\Boot::runCodeIgniter(Object(CodeIgniter\CodeIgniter))
13 FCPATH\index.php(59): CodeIgniter\Boot::bootWeb(Object(Config\Paths))
14 SYSTEMPATH\rewrite.php(44): require_once('C:\\laragon\\www\\POS_SYSTEM\\public\\index.php')
CRITICAL - 2026-09-20 20:52:02 --> CodeIgniter\Database\Exceptions\DatabaseException: Column 'created_at' in order clause is ambiguous
[Method: GET, Route: product/categories_navbar]
in SYSTEMPATH\Database\BaseConnection.php on line 863.
 1 SYSTEMPATH\Database\BaseBuilder.php(1647): CodeIgniter\Database\BaseConnection->query('SELECT `product`.`product_name`, `category`.`category_name`, `product`.`price`, `product`.`stock_quantity`
FROM `category`
JOIN `product` ON `product`.`category_id`=`category`.`category_id`
WHERE `category_name` LIKE :category_name: ESCAPE \'!\'
GROUP BY `product_name`
ORDER BY `created_at` DESC
 LIMIT 50', [...], false)
 2 SYSTEMPATH\Model.php(255): CodeIgniter\Database\BaseBuilder->get()
 3 SYSTEMPATH\BaseModel.php(676): CodeIgniter\Model->doFindAll(0, 0)
 4 APPPATH\Controllers\ProductController.php(80): CodeIgniter\BaseModel->findAll()
 5 SYSTEMPATH\CodeIgniter.php(974): App\Controllers\Productcontroller->categories_navbar()
 6 SYSTEMPATH\CodeIgniter.php(520): CodeIgniter\CodeIgniter->runController(Object(App\Controllers\Productcontroller))
 7 SYSTEMPATH\CodeIgniter.php(363): CodeIgniter\CodeIgniter->handleRequest(null, Object(Config\Cache), false)
 8 SYSTEMPATH\Boot.php(417): CodeIgniter\CodeIgniter->run()
 9 SYSTEMPATH\Boot.php(68): CodeIgniter\Boot::runCodeIgniter(Object(CodeIgniter\CodeIgniter))
10 FCPATH\index.php(59): CodeIgniter\Boot::bootWeb(Object(Config\Paths))
11 SYSTEMPATH\rewrite.php(44): require_once('C:\\laragon\\www\\POS_SYSTEM\\public\\index.php')
CRITICAL - 2026-09-20 20:52:02 --> [Caused by] CodeIgniter\Database\Exceptions\DatabaseException: Column 'created_at' in order clause is ambiguous
in SYSTEMPATH\Database\MySQLi\Connection.php on line 310.
 1 SYSTEMPATH\Database\BaseConnection.php(908): CodeIgniter\Database\MySQLi\Connection->execute('SELECT `product`.`product_name`, `category`.`category_name`, `product`.`price`, `product`.`stock_quantity`
FROM `category`
JOIN `product` ON `product`.`category_id`=`category`.`category_id`
WHERE `category_name` LIKE \'%Beverage%\' ESCAPE \'!\'
GROUP BY `product_name`
ORDER BY `created_at` DESC
 LIMIT 50')
 2 SYSTEMPATH\Database\BaseConnection.php(825): CodeIgniter\Database\BaseConnection->simpleQuery('SELECT `product`.`product_name`, `category`.`category_name`, `product`.`price`, `product`.`stock_quantity`
FROM `category`
JOIN `product` ON `product`.`category_id`=`category`.`category_id`
WHERE `category_name` LIKE \'%Beverage%\' ESCAPE \'!\'
GROUP BY `product_name`
ORDER BY `created_at` DESC
 LIMIT 50')
 3 SYSTEMPATH\Database\BaseBuilder.php(1647): CodeIgniter\Database\BaseConnection->query('SELECT `product`.`product_name`, `category`.`category_name`, `product`.`price`, `product`.`stock_quantity`
FROM `category`
JOIN `product` ON `product`.`category_id`=`category`.`category_id`
WHERE `category_name` LIKE :category_name: ESCAPE \'!\'
GROUP BY `product_name`
ORDER BY `created_at` DESC
 LIMIT 50', [...], false)
 4 SYSTEMPATH\Model.php(255): CodeIgniter\Database\BaseBuilder->get()
 5 SYSTEMPATH\BaseModel.php(676): CodeIgniter\Model->doFindAll(0, 0)
 6 APPPATH\Controllers\ProductController.php(80): CodeIgniter\BaseModel->findAll()
 7 SYSTEMPATH\CodeIgniter.php(974): App\Controllers\Productcontroller->categories_navbar()
 8 SYSTEMPATH\CodeIgniter.php(520): CodeIgniter\CodeIgniter->runController(Object(App\Controllers\Productcontroller))
 9 SYSTEMPATH\CodeIgniter.php(363): CodeIgniter\CodeIgniter->handleRequest(null, Object(Config\Cache), false)
10 SYSTEMPATH\Boot.php(417): CodeIgniter\CodeIgniter->run()
11 SYSTEMPATH\Boot.php(68): CodeIgniter\Boot::runCodeIgniter(Object(CodeIgniter\CodeIgniter))
12 FCPATH\index.php(59): CodeIgniter\Boot::bootWeb(Object(Config\Paths))
13 SYSTEMPATH\rewrite.php(44): require_once('C:\\laragon\\www\\POS_SYSTEM\\public\\index.php')
CRITICAL - 2026-09-20 20:52:02 --> [Caused by] mysqli_sql_exception: Column 'created_at' in order clause is ambiguous
in SYSTEMPATH\Database\MySQLi\Connection.php on line 300.
 1 SYSTEMPATH\Database\MySQLi\Connection.php(300): mysqli->query('SELECT `product`.`product_name`, `category`.`category_name`, `product`.`price`, `product`.`stock_quantity`
FROM `category`
JOIN `product` ON `product`.`category_id`=`category`.`category_id`
WHERE `category_name` LIKE \'%Beverage%\' ESCAPE \'!\'
GROUP BY `product_name`
ORDER BY `created_at` DESC
 LIMIT 50', 0)
 2 SYSTEMPATH\Database\BaseConnection.php(908): CodeIgniter\Database\MySQLi\Connection->execute('SELECT `product`.`product_name`, `category`.`category_name`, `product`.`price`, `product`.`stock_quantity`
FROM `category`
JOIN `product` ON `product`.`category_id`=`category`.`category_id`
WHERE `category_name` LIKE \'%Beverage%\' ESCAPE \'!\'
GROUP BY `product_name`
ORDER BY `created_at` DESC
 LIMIT 50')
 3 SYSTEMPATH\Database\BaseConnection.php(825): CodeIgniter\Database\BaseConnection->simpleQuery('SELECT `product`.`product_name`, `category`.`category_name`, `product`.`price`, `product`.`stock_quantity`
FROM `category`
JOIN `product` ON `product`.`category_id`=`category`.`category_id`
WHERE `category_name` LIKE \'%Beverage%\' ESCAPE \'!\'
GROUP BY `product_name`
ORDER BY `created_at` DESC
 LIMIT 50')
 4 SYSTEMPATH\Database\BaseBuilder.php(1647): CodeIgniter\Database\BaseConnection->query('SELECT `product`.`product_name`, `category`.`category_name`, `product`.`price`, `product`.`stock_quantity`
FROM `category`
JOIN `product` ON `product`.`category_id`=`category`.`category_id`
WHERE `category_name` LIKE :category_name: ESCAPE \'!\'
GROUP BY `product_name`
ORDER BY `created_at` DESC
 LIMIT 50', [...], false)
 5 SYSTEMPATH\Model.php(255): CodeIgniter\Database\BaseBuilder->get()
 6 SYSTEMPATH\BaseModel.php(676): CodeIgniter\Model->doFindAll(0, 0)
 7 APPPATH\Controllers\ProductController.php(80): CodeIgniter\BaseModel->findAll()
 8 SYSTEMPATH\CodeIgniter.php(974): App\Controllers\Productcontroller->categories_navbar()
 9 SYSTEMPATH\CodeIgniter.php(520): CodeIgniter\CodeIgniter->runController(Object(App\Controllers\Productcontroller))
10 SYSTEMPATH\CodeIgniter.php(363): CodeIgniter\CodeIgniter->handleRequest(null, Object(Config\Cache), false)
11 SYSTEMPATH\Boot.php(417): CodeIgniter\CodeIgniter->run()
12 SYSTEMPATH\Boot.php(68): CodeIgniter\Boot::runCodeIgniter(Object(CodeIgniter\CodeIgniter))
13 FCPATH\index.php(59): CodeIgniter\Boot::bootWeb(Object(Config\Paths))
14 SYSTEMPATH\rewrite.php(44): require_once('C:\\laragon\\www\\POS_SYSTEM\\public\\index.php')
ERROR - 2026-09-20 20:53:47 --> Expression #2 of SELECT list is not in GROUP BY clause and contains nonaggregated column 'pos_system.category.category_name' which is not functionally dependent on columns in GROUP BY clause; this is incompatible with sql_mode=only_full_group_by
in SYSTEMPATH\Database\MySQLi\Connection.php on line 300.
 1 SYSTEMPATH\Database\MySQLi\Connection.php(300): mysqli->query('SELECT `product`.`product_name`, `category`.`category_name`, `product`.`price`, `product`.`stock_quantity`
FROM `category`
JOIN `product` ON `product`.`category_id`=`category`.`category_id`
WHERE `category_name` LIKE \'%Beverage%\' ESCAPE \'!\'
GROUP BY `product_name`
ORDER BY `product_name` DESC
 LIMIT 50', 0)
 2 SYSTEMPATH\Database\BaseConnection.php(908): CodeIgniter\Database\MySQLi\Connection->execute('SELECT `product`.`product_name`, `category`.`category_name`, `product`.`price`, `product`.`stock_quantity`
FROM `category`
JOIN `product` ON `product`.`category_id`=`category`.`category_id`
WHERE `category_name` LIKE \'%Beverage%\' ESCAPE \'!\'
GROUP BY `product_name`
ORDER BY `product_name` DESC
 LIMIT 50')
 3 SYSTEMPATH\Database\BaseConnection.php(825): CodeIgniter\Database\BaseConnection->simpleQuery('SELECT `product`.`product_name`, `category`.`category_name`, `product`.`price`, `product`.`stock_quantity`
FROM `category`
JOIN `product` ON `product`.`category_id`=`category`.`category_id`
WHERE `category_name` LIKE \'%Beverage%\' ESCAPE \'!\'
GROUP BY `product_name`
ORDER BY `product_name` DESC
 LIMIT 50')
 4 SYSTEMPATH\Database\BaseBuilder.php(1647): CodeIgniter\Database\BaseConnection->query('SELECT `product`.`product_name`, `category`.`category_name`, `product`.`price`, `product`.`stock_quantity`
FROM `category`
JOIN `product` ON `product`.`category_id`=`category`.`category_id`
WHERE `category_name` LIKE :category_name: ESCAPE \'!\'
GROUP BY `product_name`
ORDER BY `product_name` DESC
 LIMIT 50', [...], false)
 5 SYSTEMPATH\Model.php(255): CodeIgniter\Database\BaseBuilder->get()
 6 SYSTEMPATH\BaseModel.php(676): CodeIgniter\Model->doFindAll(0, 0)
 7 APPPATH\Controllers\ProductController.php(80): CodeIgniter\BaseModel->findAll()
 8 SYSTEMPATH\CodeIgniter.php(974): App\Controllers\Productcontroller->categories_navbar()
 9 SYSTEMPATH\CodeIgniter.php(520): CodeIgniter\CodeIgniter->runController(Object(App\Controllers\Productcontroller))
10 SYSTEMPATH\CodeIgniter.php(363): CodeIgniter\CodeIgniter->handleRequest(null, Object(Config\Cache), false)
11 SYSTEMPATH\Boot.php(417): CodeIgniter\CodeIgniter->run()
12 SYSTEMPATH\Boot.php(68): CodeIgniter\Boot::runCodeIgniter(Object(CodeIgniter\CodeIgniter))
13 FCPATH\index.php(59): CodeIgniter\Boot::bootWeb(Object(Config\Paths))
14 SYSTEMPATH\rewrite.php(44): require_once('C:\\laragon\\www\\POS_SYSTEM\\public\\index.php')
CRITICAL - 2026-09-20 20:53:47 --> CodeIgniter\Database\Exceptions\DatabaseException: Expression #2 of SELECT list is not in GROUP BY clause and contains nonaggregated column 'pos_system.category.category_name' which is not functionally dependent on columns in GROUP BY clause; this is incompatible with sql_mode=only_full_group_by
[Method: GET, Route: product/categories_navbar]
in SYSTEMPATH\Database\BaseConnection.php on line 863.
 1 SYSTEMPATH\Database\BaseBuilder.php(1647): CodeIgniter\Database\BaseConnection->query('SELECT `product`.`product_name`, `category`.`category_name`, `product`.`price`, `product`.`stock_quantity`
FROM `category`
JOIN `product` ON `product`.`category_id`=`category`.`category_id`
WHERE `category_name` LIKE :category_name: ESCAPE \'!\'
GROUP BY `product_name`
ORDER BY `product_name` DESC
 LIMIT 50', [...], false)
 2 SYSTEMPATH\Model.php(255): CodeIgniter\Database\BaseBuilder->get()
 3 SYSTEMPATH\BaseModel.php(676): CodeIgniter\Model->doFindAll(0, 0)
 4 APPPATH\Controllers\ProductController.php(80): CodeIgniter\BaseModel->findAll()
 5 SYSTEMPATH\CodeIgniter.php(974): App\Controllers\Productcontroller->categories_navbar()
 6 SYSTEMPATH\CodeIgniter.php(520): CodeIgniter\CodeIgniter->runController(Object(App\Controllers\Productcontroller))
 7 SYSTEMPATH\CodeIgniter.php(363): CodeIgniter\CodeIgniter->handleRequest(null, Object(Config\Cache), false)
 8 SYSTEMPATH\Boot.php(417): CodeIgniter\CodeIgniter->run()
 9 SYSTEMPATH\Boot.php(68): CodeIgniter\Boot::runCodeIgniter(Object(CodeIgniter\CodeIgniter))
10 FCPATH\index.php(59): CodeIgniter\Boot::bootWeb(Object(Config\Paths))
11 SYSTEMPATH\rewrite.php(44): require_once('C:\\laragon\\www\\POS_SYSTEM\\public\\index.php')
CRITICAL - 2026-09-20 20:53:47 --> [Caused by] CodeIgniter\Database\Exceptions\DatabaseException: Expression #2 of SELECT list is not in GROUP BY clause and contains nonaggregated column 'pos_system.category.category_name' which is not functionally dependent on columns in GROUP BY clause; this is incompatible with sql_mode=only_full_group_by
in SYSTEMPATH\Database\MySQLi\Connection.php on line 310.
 1 SYSTEMPATH\Database\BaseConnection.php(908): CodeIgniter\Database\MySQLi\Connection->execute('SELECT `product`.`product_name`, `category`.`category_name`, `product`.`price`, `product`.`stock_quantity`
FROM `category`
JOIN `product` ON `product`.`category_id`=`category`.`category_id`
WHERE `category_name` LIKE \'%Beverage%\' ESCAPE \'!\'
GROUP BY `product_name`
ORDER BY `product_name` DESC
 LIMIT 50')
 2 SYSTEMPATH\Database\BaseConnection.php(825): CodeIgniter\Database\BaseConnection->simpleQuery('SELECT `product`.`product_name`, `category`.`category_name`, `product`.`price`, `product`.`stock_quantity`
FROM `category`
JOIN `product` ON `product`.`category_id`=`category`.`category_id`
WHERE `category_name` LIKE \'%Beverage%\' ESCAPE \'!\'
GROUP BY `product_name`
ORDER BY `product_name` DESC
 LIMIT 50')
 3 SYSTEMPATH\Database\BaseBuilder.php(1647): CodeIgniter\Database\BaseConnection->query('SELECT `product`.`product_name`, `category`.`category_name`, `product`.`price`, `product`.`stock_quantity`
FROM `category`
JOIN `product` ON `product`.`category_id`=`category`.`category_id`
WHERE `category_name` LIKE :category_name: ESCAPE \'!\'
GROUP BY `product_name`
ORDER BY `product_name` DESC
 LIMIT 50', [...], false)
 4 SYSTEMPATH\Model.php(255): CodeIgniter\Database\BaseBuilder->get()
 5 SYSTEMPATH\BaseModel.php(676): CodeIgniter\Model->doFindAll(0, 0)
 6 APPPATH\Controllers\ProductController.php(80): CodeIgniter\BaseModel->findAll()
 7 SYSTEMPATH\CodeIgniter.php(974): App\Controllers\Productcontroller->categories_navbar()
 8 SYSTEMPATH\CodeIgniter.php(520): CodeIgniter\CodeIgniter->runController(Object(App\Controllers\Productcontroller))
 9 SYSTEMPATH\CodeIgniter.php(363): CodeIgniter\CodeIgniter->handleRequest(null, Object(Config\Cache), false)
10 SYSTEMPATH\Boot.php(417): CodeIgniter\CodeIgniter->run()
11 SYSTEMPATH\Boot.php(68): CodeIgniter\Boot::runCodeIgniter(Object(CodeIgniter\CodeIgniter))
12 FCPATH\index.php(59): CodeIgniter\Boot::bootWeb(Object(Config\Paths))
13 SYSTEMPATH\rewrite.php(44): require_once('C:\\laragon\\www\\POS_SYSTEM\\public\\index.php')
CRITICAL - 2026-09-20 20:53:47 --> [Caused by] mysqli_sql_exception: Expression #2 of SELECT list is not in GROUP BY clause and contains nonaggregated column 'pos_system.category.category_name' which is not functionally dependent on columns in GROUP BY clause; this is incompatible with sql_mode=only_full_group_by
in SYSTEMPATH\Database\MySQLi\Connection.php on line 300.
 1 SYSTEMPATH\Database\MySQLi\Connection.php(300): mysqli->query('SELECT `product`.`product_name`, `category`.`category_name`, `product`.`price`, `product`.`stock_quantity`
FROM `category`
JOIN `product` ON `product`.`category_id`=`category`.`category_id`
WHERE `category_name` LIKE \'%Beverage%\' ESCAPE \'!\'
GROUP BY `product_name`
ORDER BY `product_name` DESC
 LIMIT 50', 0)
 2 SYSTEMPATH\Database\BaseConnection.php(908): CodeIgniter\Database\MySQLi\Connection->execute('SELECT `product`.`product_name`, `category`.`category_name`, `product`.`price`, `product`.`stock_quantity`
FROM `category`
JOIN `product` ON `product`.`category_id`=`category`.`category_id`
WHERE `category_name` LIKE \'%Beverage%\' ESCAPE \'!\'
GROUP BY `product_name`
ORDER BY `product_name` DESC
 LIMIT 50')
 3 SYSTEMPATH\Database\BaseConnection.php(825): CodeIgniter\Database\BaseConnection->simpleQuery('SELECT `product`.`product_name`, `category`.`category_name`, `product`.`price`, `product`.`stock_quantity`
FROM `category`
JOIN `product` ON `product`.`category_id`=`category`.`category_id`
WHERE `category_name` LIKE \'%Beverage%\' ESCAPE \'!\'
GROUP BY `product_name`
ORDER BY `product_name` DESC
 LIMIT 50')
 4 SYSTEMPATH\Database\BaseBuilder.php(1647): CodeIgniter\Database\BaseConnection->query('SELECT `product`.`product_name`, `category`.`category_name`, `product`.`price`, `product`.`stock_quantity`
FROM `category`
JOIN `product` ON `product`.`category_id`=`category`.`category_id`
WHERE `category_name` LIKE :category_name: ESCAPE \'!\'
GROUP BY `product_name`
ORDER BY `product_name` DESC
 LIMIT 50', [...], false)
 5 SYSTEMPATH\Model.php(255): CodeIgniter\Database\BaseBuilder->get()
 6 SYSTEMPATH\BaseModel.php(676): CodeIgniter\Model->doFindAll(0, 0)
 7 APPPATH\Controllers\ProductController.php(80): CodeIgniter\BaseModel->findAll()
 8 SYSTEMPATH\CodeIgniter.php(974): App\Controllers\Productcontroller->categories_navbar()
 9 SYSTEMPATH\CodeIgniter.php(520): CodeIgniter\CodeIgniter->runController(Object(App\Controllers\Productcontroller))
10 SYSTEMPATH\CodeIgniter.php(363): CodeIgniter\CodeIgniter->handleRequest(null, Object(Config\Cache), false)
11 SYSTEMPATH\Boot.php(417): CodeIgniter\CodeIgniter->run()
12 SYSTEMPATH\Boot.php(68): CodeIgniter\Boot::runCodeIgniter(Object(CodeIgniter\CodeIgniter))
13 FCPATH\index.php(59): CodeIgniter\Boot::bootWeb(Object(Config\Paths))
14 SYSTEMPATH\rewrite.php(44): require_once('C:\\laragon\\www\\POS_SYSTEM\\public\\index.php')
ERROR - 2026-09-20 20:54:43 --> Expression #2 of SELECT list is not in GROUP BY clause and contains nonaggregated column 'pos_system.category.category_name' which is not functionally dependent on columns in GROUP BY clause; this is incompatible with sql_mode=only_full_group_by
in SYSTEMPATH\Database\MySQLi\Connection.php on line 300.
 1 SYSTEMPATH\Database\MySQLi\Connection.php(300): mysqli->query('SELECT `product`.`product_name`, `category`.`category_name`, `product`.`price`, `product`.`stock_quantity`
FROM `category`
JOIN `product` ON `product`.`category_id`=`category`.`category_id`
WHERE `category_name` LIKE \'%Beverage%\' ESCAPE \'!\'
GROUP BY `product_name`
 LIMIT 50', 0)
 2 SYSTEMPATH\Database\BaseConnection.php(908): CodeIgniter\Database\MySQLi\Connection->execute('SELECT `product`.`product_name`, `category`.`category_name`, `product`.`price`, `product`.`stock_quantity`
FROM `category`
JOIN `product` ON `product`.`category_id`=`category`.`category_id`
WHERE `category_name` LIKE \'%Beverage%\' ESCAPE \'!\'
GROUP BY `product_name`
 LIMIT 50')
 3 SYSTEMPATH\Database\BaseConnection.php(825): CodeIgniter\Database\BaseConnection->simpleQuery('SELECT `product`.`product_name`, `category`.`category_name`, `product`.`price`, `product`.`stock_quantity`
FROM `category`
JOIN `product` ON `product`.`category_id`=`category`.`category_id`
WHERE `category_name` LIKE \'%Beverage%\' ESCAPE \'!\'
GROUP BY `product_name`
 LIMIT 50')
 4 SYSTEMPATH\Database\BaseBuilder.php(1647): CodeIgniter\Database\BaseConnection->query('SELECT `product`.`product_name`, `category`.`category_name`, `product`.`price`, `product`.`stock_quantity`
FROM `category`
JOIN `product` ON `product`.`category_id`=`category`.`category_id`
WHERE `category_name` LIKE :category_name: ESCAPE \'!\'
GROUP BY `product_name`
 LIMIT 50', [...], false)
 5 SYSTEMPATH\Model.php(255): CodeIgniter\Database\BaseBuilder->get()
 6 SYSTEMPATH\BaseModel.php(676): CodeIgniter\Model->doFindAll(0, 0)
 7 APPPATH\Controllers\ProductController.php(80): CodeIgniter\BaseModel->findAll()
 8 SYSTEMPATH\CodeIgniter.php(974): App\Controllers\Productcontroller->categories_navbar()
 9 SYSTEMPATH\CodeIgniter.php(520): CodeIgniter\CodeIgniter->runController(Object(App\Controllers\Productcontroller))
10 SYSTEMPATH\CodeIgniter.php(363): CodeIgniter\CodeIgniter->handleRequest(null, Object(Config\Cache), false)
11 SYSTEMPATH\Boot.php(417): CodeIgniter\CodeIgniter->run()
12 SYSTEMPATH\Boot.php(68): CodeIgniter\Boot::runCodeIgniter(Object(CodeIgniter\CodeIgniter))
13 FCPATH\index.php(59): CodeIgniter\Boot::bootWeb(Object(Config\Paths))
14 SYSTEMPATH\rewrite.php(44): require_once('C:\\laragon\\www\\POS_SYSTEM\\public\\index.php')
CRITICAL - 2026-09-20 20:54:43 --> CodeIgniter\Database\Exceptions\DatabaseException: Expression #2 of SELECT list is not in GROUP BY clause and contains nonaggregated column 'pos_system.category.category_name' which is not functionally dependent on columns in GROUP BY clause; this is incompatible with sql_mode=only_full_group_by
[Method: GET, Route: product/categories_navbar]
in SYSTEMPATH\Database\BaseConnection.php on line 863.
 1 SYSTEMPATH\Database\BaseBuilder.php(1647): CodeIgniter\Database\BaseConnection->query('SELECT `product`.`product_name`, `category`.`category_name`, `product`.`price`, `product`.`stock_quantity`
FROM `category`
JOIN `product` ON `product`.`category_id`=`category`.`category_id`
WHERE `category_name` LIKE :category_name: ESCAPE \'!\'
GROUP BY `product_name`
 LIMIT 50', [...], false)
 2 SYSTEMPATH\Model.php(255): CodeIgniter\Database\BaseBuilder->get()
 3 SYSTEMPATH\BaseModel.php(676): CodeIgniter\Model->doFindAll(0, 0)
 4 APPPATH\Controllers\ProductController.php(80): CodeIgniter\BaseModel->findAll()
 5 SYSTEMPATH\CodeIgniter.php(974): App\Controllers\Productcontroller->categories_navbar()
 6 SYSTEMPATH\CodeIgniter.php(520): CodeIgniter\CodeIgniter->runController(Object(App\Controllers\Productcontroller))
 7 SYSTEMPATH\CodeIgniter.php(363): CodeIgniter\CodeIgniter->handleRequest(null, Object(Config\Cache), false)
 8 SYSTEMPATH\Boot.php(417): CodeIgniter\CodeIgniter->run()
 9 SYSTEMPATH\Boot.php(68): CodeIgniter\Boot::runCodeIgniter(Object(CodeIgniter\CodeIgniter))
10 FCPATH\index.php(59): CodeIgniter\Boot::bootWeb(Object(Config\Paths))
11 SYSTEMPATH\rewrite.php(44): require_once('C:\\laragon\\www\\POS_SYSTEM\\public\\index.php')
CRITICAL - 2026-09-20 20:54:43 --> [Caused by] CodeIgniter\Database\Exceptions\DatabaseException: Expression #2 of SELECT list is not in GROUP BY clause and contains nonaggregated column 'pos_system.category.category_name' which is not functionally dependent on columns in GROUP BY clause; this is incompatible with sql_mode=only_full_group_by
in SYSTEMPATH\Database\MySQLi\Connection.php on line 310.
 1 SYSTEMPATH\Database\BaseConnection.php(908): CodeIgniter\Database\MySQLi\Connection->execute('SELECT `product`.`product_name`, `category`.`category_name`, `product`.`price`, `product`.`stock_quantity`
FROM `category`
JOIN `product` ON `product`.`category_id`=`category`.`category_id`
WHERE `category_name` LIKE \'%Beverage%\' ESCAPE \'!\'
GROUP BY `product_name`
 LIMIT 50')
 2 SYSTEMPATH\Database\BaseConnection.php(825): CodeIgniter\Database\BaseConnection->simpleQuery('SELECT `product`.`product_name`, `category`.`category_name`, `product`.`price`, `product`.`stock_quantity`
FROM `category`
JOIN `product` ON `product`.`category_id`=`category`.`category_id`
WHERE `category_name` LIKE \'%Beverage%\' ESCAPE \'!\'
GROUP BY `product_name`
 LIMIT 50')
 3 SYSTEMPATH\Database\BaseBuilder.php(1647): CodeIgniter\Database\BaseConnection->query('SELECT `product`.`product_name`, `category`.`category_name`, `product`.`price`, `product`.`stock_quantity`
FROM `category`
JOIN `product` ON `product`.`category_id`=`category`.`category_id`
WHERE `category_name` LIKE :category_name: ESCAPE \'!\'
GROUP BY `product_name`
 LIMIT 50', [...], false)
 4 SYSTEMPATH\Model.php(255): CodeIgniter\Database\BaseBuilder->get()
 5 SYSTEMPATH\BaseModel.php(676): CodeIgniter\Model->doFindAll(0, 0)
 6 APPPATH\Controllers\ProductController.php(80): CodeIgniter\BaseModel->findAll()
 7 SYSTEMPATH\CodeIgniter.php(974): App\Controllers\Productcontroller->categories_navbar()
 8 SYSTEMPATH\CodeIgniter.php(520): CodeIgniter\CodeIgniter->runController(Object(App\Controllers\Productcontroller))
 9 SYSTEMPATH\CodeIgniter.php(363): CodeIgniter\CodeIgniter->handleRequest(null, Object(Config\Cache), false)
10 SYSTEMPATH\Boot.php(417): CodeIgniter\CodeIgniter->run()
11 SYSTEMPATH\Boot.php(68): CodeIgniter\Boot::runCodeIgniter(Object(CodeIgniter\CodeIgniter))
12 FCPATH\index.php(59): CodeIgniter\Boot::bootWeb(Object(Config\Paths))
13 SYSTEMPATH\rewrite.php(44): require_once('C:\\laragon\\www\\POS_SYSTEM\\public\\index.php')
CRITICAL - 2026-09-20 20:54:43 --> [Caused by] mysqli_sql_exception: Expression #2 of SELECT list is not in GROUP BY clause and contains nonaggregated column 'pos_system.category.category_name' which is not functionally dependent on columns in GROUP BY clause; this is incompatible with sql_mode=only_full_group_by
in SYSTEMPATH\Database\MySQLi\Connection.php on line 300.
 1 SYSTEMPATH\Database\MySQLi\Connection.php(300): mysqli->query('SELECT `product`.`product_name`, `category`.`category_name`, `product`.`price`, `product`.`stock_quantity`
FROM `category`
JOIN `product` ON `product`.`category_id`=`category`.`category_id`
WHERE `category_name` LIKE \'%Beverage%\' ESCAPE \'!\'
GROUP BY `product_name`
 LIMIT 50', 0)
 2 SYSTEMPATH\Database\BaseConnection.php(908): CodeIgniter\Database\MySQLi\Connection->execute('SELECT `product`.`product_name`, `category`.`category_name`, `product`.`price`, `product`.`stock_quantity`
FROM `category`
JOIN `product` ON `product`.`category_id`=`category`.`category_id`
WHERE `category_name` LIKE \'%Beverage%\' ESCAPE \'!\'
GROUP BY `product_name`
 LIMIT 50')
 3 SYSTEMPATH\Database\BaseConnection.php(825): CodeIgniter\Database\BaseConnection->simpleQuery('SELECT `product`.`product_name`, `category`.`category_name`, `product`.`price`, `product`.`stock_quantity`
FROM `category`
JOIN `product` ON `product`.`category_id`=`category`.`category_id`
WHERE `category_name` LIKE \'%Beverage%\' ESCAPE \'!\'
GROUP BY `product_name`
 LIMIT 50')
 4 SYSTEMPATH\Database\BaseBuilder.php(1647): CodeIgniter\Database\BaseConnection->query('SELECT `product`.`product_name`, `category`.`category_name`, `product`.`price`, `product`.`stock_quantity`
FROM `category`
JOIN `product` ON `product`.`category_id`=`category`.`category_id`
WHERE `category_name` LIKE :category_name: ESCAPE \'!\'
GROUP BY `product_name`
 LIMIT 50', [...], false)
 5 SYSTEMPATH\Model.php(255): CodeIgniter\Database\BaseBuilder->get()
 6 SYSTEMPATH\BaseModel.php(676): CodeIgniter\Model->doFindAll(0, 0)
 7 APPPATH\Controllers\ProductController.php(80): CodeIgniter\BaseModel->findAll()
 8 SYSTEMPATH\CodeIgniter.php(974): App\Controllers\Productcontroller->categories_navbar()
 9 SYSTEMPATH\CodeIgniter.php(520): CodeIgniter\CodeIgniter->runController(Object(App\Controllers\Productcontroller))
10 SYSTEMPATH\CodeIgniter.php(363): CodeIgniter\CodeIgniter->handleRequest(null, Object(Config\Cache), false)
11 SYSTEMPATH\Boot.php(417): CodeIgniter\CodeIgniter->run()
12 SYSTEMPATH\Boot.php(68): CodeIgniter\Boot::runCodeIgniter(Object(CodeIgniter\CodeIgniter))
13 FCPATH\index.php(59): CodeIgniter\Boot::bootWeb(Object(Config\Paths))
14 SYSTEMPATH\rewrite.php(44): require_once('C:\\laragon\\www\\POS_SYSTEM\\public\\index.php')
ERROR - 2026-09-20 20:56:08 --> Column 'created_at' in order clause is ambiguous
in SYSTEMPATH\Database\MySQLi\Connection.php on line 300.
 1 SYSTEMPATH\Database\MySQLi\Connection.php(300): mysqli->query('SELECT `product`.`product_name`, `category`.`category_name`, `product`.`price`, `product`.`stock_quantity`
FROM `category`
JOIN `product` ON `product`.`category_id`=`category`.`category_id`
WHERE `category_name` LIKE \'%Beverage%\' ESCAPE \'!\'
GROUP BY `product_name`
ORDER BY `created_at` DESC
 LIMIT 50', 0)
 2 SYSTEMPATH\Database\BaseConnection.php(908): CodeIgniter\Database\MySQLi\Connection->execute('SELECT `product`.`product_name`, `category`.`category_name`, `product`.`price`, `product`.`stock_quantity`
FROM `category`
JOIN `product` ON `product`.`category_id`=`category`.`category_id`
WHERE `category_name` LIKE \'%Beverage%\' ESCAPE \'!\'
GROUP BY `product_name`
ORDER BY `created_at` DESC
 LIMIT 50')
 3 SYSTEMPATH\Database\BaseConnection.php(825): CodeIgniter\Database\BaseConnection->simpleQuery('SELECT `product`.`product_name`, `category`.`category_name`, `product`.`price`, `product`.`stock_quantity`
FROM `category`
JOIN `product` ON `product`.`category_id`=`category`.`category_id`
WHERE `category_name` LIKE \'%Beverage%\' ESCAPE \'!\'
GROUP BY `product_name`
ORDER BY `created_at` DESC
 LIMIT 50')
 4 SYSTEMPATH\Database\BaseBuilder.php(1647): CodeIgniter\Database\BaseConnection->query('SELECT `product`.`product_name`, `category`.`category_name`, `product`.`price`, `product`.`stock_quantity`
FROM `category`
JOIN `product` ON `product`.`category_id`=`category`.`category_id`
WHERE `category_name` LIKE :category_name: ESCAPE \'!\'
GROUP BY `product_name`
ORDER BY `created_at` DESC
 LIMIT 50', [...], false)
 5 SYSTEMPATH\Model.php(255): CodeIgniter\Database\BaseBuilder->get()
 6 SYSTEMPATH\BaseModel.php(676): CodeIgniter\Model->doFindAll(0, 0)
 7 APPPATH\Controllers\ProductController.php(80): CodeIgniter\BaseModel->findAll()
 8 SYSTEMPATH\CodeIgniter.php(974): App\Controllers\Productcontroller->categories_navbar()
 9 SYSTEMPATH\CodeIgniter.php(520): CodeIgniter\CodeIgniter->runController(Object(App\Controllers\Productcontroller))
10 SYSTEMPATH\CodeIgniter.php(363): CodeIgniter\CodeIgniter->handleRequest(null, Object(Config\Cache), false)
11 SYSTEMPATH\Boot.php(417): CodeIgniter\CodeIgniter->run()
12 SYSTEMPATH\Boot.php(68): CodeIgniter\Boot::runCodeIgniter(Object(CodeIgniter\CodeIgniter))
13 FCPATH\index.php(59): CodeIgniter\Boot::bootWeb(Object(Config\Paths))
14 SYSTEMPATH\rewrite.php(44): require_once('C:\\laragon\\www\\POS_SYSTEM\\public\\index.php')
CRITICAL - 2026-09-20 20:56:08 --> CodeIgniter\Database\Exceptions\DatabaseException: Column 'created_at' in order clause is ambiguous
[Method: GET, Route: product/categories_navbar]
in SYSTEMPATH\Database\BaseConnection.php on line 863.
 1 SYSTEMPATH\Database\BaseBuilder.php(1647): CodeIgniter\Database\BaseConnection->query('SELECT `product`.`product_name`, `category`.`category_name`, `product`.`price`, `product`.`stock_quantity`
FROM `category`
JOIN `product` ON `product`.`category_id`=`category`.`category_id`
WHERE `category_name` LIKE :category_name: ESCAPE \'!\'
GROUP BY `product_name`
ORDER BY `created_at` DESC
 LIMIT 50', [...], false)
 2 SYSTEMPATH\Model.php(255): CodeIgniter\Database\BaseBuilder->get()
 3 SYSTEMPATH\BaseModel.php(676): CodeIgniter\Model->doFindAll(0, 0)
 4 APPPATH\Controllers\ProductController.php(80): CodeIgniter\BaseModel->findAll()
 5 SYSTEMPATH\CodeIgniter.php(974): App\Controllers\Productcontroller->categories_navbar()
 6 SYSTEMPATH\CodeIgniter.php(520): CodeIgniter\CodeIgniter->runController(Object(App\Controllers\Productcontroller))
 7 SYSTEMPATH\CodeIgniter.php(363): CodeIgniter\CodeIgniter->handleRequest(null, Object(Config\Cache), false)
 8 SYSTEMPATH\Boot.php(417): CodeIgniter\CodeIgniter->run()
 9 SYSTEMPATH\Boot.php(68): CodeIgniter\Boot::runCodeIgniter(Object(CodeIgniter\CodeIgniter))
10 FCPATH\index.php(59): CodeIgniter\Boot::bootWeb(Object(Config\Paths))
11 SYSTEMPATH\rewrite.php(44): require_once('C:\\laragon\\www\\POS_SYSTEM\\public\\index.php')
CRITICAL - 2026-09-20 20:56:08 --> [Caused by] CodeIgniter\Database\Exceptions\DatabaseException: Column 'created_at' in order clause is ambiguous
in SYSTEMPATH\Database\MySQLi\Connection.php on line 310.
 1 SYSTEMPATH\Database\BaseConnection.php(908): CodeIgniter\Database\MySQLi\Connection->execute('SELECT `product`.`product_name`, `category`.`category_name`, `product`.`price`, `product`.`stock_quantity`
FROM `category`
JOIN `product` ON `product`.`category_id`=`category`.`category_id`
WHERE `category_name` LIKE \'%Beverage%\' ESCAPE \'!\'
GROUP BY `product_name`
ORDER BY `created_at` DESC
 LIMIT 50')
 2 SYSTEMPATH\Database\BaseConnection.php(825): CodeIgniter\Database\BaseConnection->simpleQuery('SELECT `product`.`product_name`, `category`.`category_name`, `product`.`price`, `product`.`stock_quantity`
FROM `category`
JOIN `product` ON `product`.`category_id`=`category`.`category_id`
WHERE `category_name` LIKE \'%Beverage%\' ESCAPE \'!\'
GROUP BY `product_name`
ORDER BY `created_at` DESC
 LIMIT 50')
 3 SYSTEMPATH\Database\BaseBuilder.php(1647): CodeIgniter\Database\BaseConnection->query('SELECT `product`.`product_name`, `category`.`category_name`, `product`.`price`, `product`.`stock_quantity`
FROM `category`
JOIN `product` ON `product`.`category_id`=`category`.`category_id`
WHERE `category_name` LIKE :category_name: ESCAPE \'!\'
GROUP BY `product_name`
ORDER BY `created_at` DESC
 LIMIT 50', [...], false)
 4 SYSTEMPATH\Model.php(255): CodeIgniter\Database\BaseBuilder->get()
 5 SYSTEMPATH\BaseModel.php(676): CodeIgniter\Model->doFindAll(0, 0)
 6 APPPATH\Controllers\ProductController.php(80): CodeIgniter\BaseModel->findAll()
 7 SYSTEMPATH\CodeIgniter.php(974): App\Controllers\Productcontroller->categories_navbar()
 8 SYSTEMPATH\CodeIgniter.php(520): CodeIgniter\CodeIgniter->runController(Object(App\Controllers\Productcontroller))
 9 SYSTEMPATH\CodeIgniter.php(363): CodeIgniter\CodeIgniter->handleRequest(null, Object(Config\Cache), false)
10 SYSTEMPATH\Boot.php(417): CodeIgniter\CodeIgniter->run()
11 SYSTEMPATH\Boot.php(68): CodeIgniter\Boot::runCodeIgniter(Object(CodeIgniter\CodeIgniter))
12 FCPATH\index.php(59): CodeIgniter\Boot::bootWeb(Object(Config\Paths))
13 SYSTEMPATH\rewrite.php(44): require_once('C:\\laragon\\www\\POS_SYSTEM\\public\\index.php')
CRITICAL - 2026-09-20 20:56:08 --> [Caused by] mysqli_sql_exception: Column 'created_at' in order clause is ambiguous
in SYSTEMPATH\Database\MySQLi\Connection.php on line 300.
 1 SYSTEMPATH\Database\MySQLi\Connection.php(300): mysqli->query('SELECT `product`.`product_name`, `category`.`category_name`, `product`.`price`, `product`.`stock_quantity`
FROM `category`
JOIN `product` ON `product`.`category_id`=`category`.`category_id`
WHERE `category_name` LIKE \'%Beverage%\' ESCAPE \'!\'
GROUP BY `product_name`
ORDER BY `created_at` DESC
 LIMIT 50', 0)
 2 SYSTEMPATH\Database\BaseConnection.php(908): CodeIgniter\Database\MySQLi\Connection->execute('SELECT `product`.`product_name`, `category`.`category_name`, `product`.`price`, `product`.`stock_quantity`
FROM `category`
JOIN `product` ON `product`.`category_id`=`category`.`category_id`
WHERE `category_name` LIKE \'%Beverage%\' ESCAPE \'!\'
GROUP BY `product_name`
ORDER BY `created_at` DESC
 LIMIT 50')
 3 SYSTEMPATH\Database\BaseConnection.php(825): CodeIgniter\Database\BaseConnection->simpleQuery('SELECT `product`.`product_name`, `category`.`category_name`, `product`.`price`, `product`.`stock_quantity`
FROM `category`
JOIN `product` ON `product`.`category_id`=`category`.`category_id`
WHERE `category_name` LIKE \'%Beverage%\' ESCAPE \'!\'
GROUP BY `product_name`
ORDER BY `created_at` DESC
 LIMIT 50')
 4 SYSTEMPATH\Database\BaseBuilder.php(1647): CodeIgniter\Database\BaseConnection->query('SELECT `product`.`product_name`, `category`.`category_name`, `product`.`price`, `product`.`stock_quantity`
FROM `category`
JOIN `product` ON `product`.`category_id`=`category`.`category_id`
WHERE `category_name` LIKE :category_name: ESCAPE \'!\'
GROUP BY `product_name`
ORDER BY `created_at` DESC
 LIMIT 50', [...], false)
 5 SYSTEMPATH\Model.php(255): CodeIgniter\Database\BaseBuilder->get()
 6 SYSTEMPATH\BaseModel.php(676): CodeIgniter\Model->doFindAll(0, 0)
 7 APPPATH\Controllers\ProductController.php(80): CodeIgniter\BaseModel->findAll()
 8 SYSTEMPATH\CodeIgniter.php(974): App\Controllers\Productcontroller->categories_navbar()
 9 SYSTEMPATH\CodeIgniter.php(520): CodeIgniter\CodeIgniter->runController(Object(App\Controllers\Productcontroller))
10 SYSTEMPATH\CodeIgniter.php(363): CodeIgniter\CodeIgniter->handleRequest(null, Object(Config\Cache), false)
11 SYSTEMPATH\Boot.php(417): CodeIgniter\CodeIgniter->run()
12 SYSTEMPATH\Boot.php(68): CodeIgniter\Boot::runCodeIgniter(Object(CodeIgniter\CodeIgniter))
13 FCPATH\index.php(59): CodeIgniter\Boot::bootWeb(Object(Config\Paths))
14 SYSTEMPATH\rewrite.php(44): require_once('C:\\laragon\\www\\POS_SYSTEM\\public\\index.php')
ERROR - 2026-09-20 20:59:19 --> Expression #2 of SELECT list is not in GROUP BY clause and contains nonaggregated column 'pos_system.category.category_name' which is not functionally dependent on columns in GROUP BY clause; this is incompatible with sql_mode=only_full_group_by
in SYSTEMPATH\Database\MySQLi\Connection.php on line 300.
 1 SYSTEMPATH\Database\MySQLi\Connection.php(300): mysqli->query('SELECT `product`.`product_name`, `category`.`category_name`, `product`.`price`, `product`.`stock_quantity`
FROM `category`
JOIN `product` ON `product`.`category_id`=`category`.`category_id`
WHERE `category_name` LIKE \'%Beverage%\' ESCAPE \'!\'
GROUP BY `product_name`
ORDER BY `product`.`created_at` DESC
 LIMIT 50', 0)
 2 SYSTEMPATH\Database\BaseConnection.php(908): CodeIgniter\Database\MySQLi\Connection->execute('SELECT `product`.`product_name`, `category`.`category_name`, `product`.`price`, `product`.`stock_quantity`
FROM `category`
JOIN `product` ON `product`.`category_id`=`category`.`category_id`
WHERE `category_name` LIKE \'%Beverage%\' ESCAPE \'!\'
GROUP BY `product_name`
ORDER BY `product`.`created_at` DESC
 LIMIT 50')
 3 SYSTEMPATH\Database\BaseConnection.php(825): CodeIgniter\Database\BaseConnection->simpleQuery('SELECT `product`.`product_name`, `category`.`category_name`, `product`.`price`, `product`.`stock_quantity`
FROM `category`
JOIN `product` ON `product`.`category_id`=`category`.`category_id`
WHERE `category_name` LIKE \'%Beverage%\' ESCAPE \'!\'
GROUP BY `product_name`
ORDER BY `product`.`created_at` DESC
 LIMIT 50')
 4 SYSTEMPATH\Database\BaseBuilder.php(1647): CodeIgniter\Database\BaseConnection->query('SELECT `product`.`product_name`, `category`.`category_name`, `product`.`price`, `product`.`stock_quantity`
FROM `category`
JOIN `product` ON `product`.`category_id`=`category`.`category_id`
WHERE `category_name` LIKE :category_name: ESCAPE \'!\'
GROUP BY `product_name`
ORDER BY `product`.`created_at` DESC
 LIMIT 50', [...], false)
 5 SYSTEMPATH\Model.php(255): CodeIgniter\Database\BaseBuilder->get()
 6 SYSTEMPATH\BaseModel.php(676): CodeIgniter\Model->doFindAll(0, 0)
 7 APPPATH\Controllers\ProductController.php(80): CodeIgniter\BaseModel->findAll()
 8 SYSTEMPATH\CodeIgniter.php(974): App\Controllers\Productcontroller->categories_navbar()
 9 SYSTEMPATH\CodeIgniter.php(520): CodeIgniter\CodeIgniter->runController(Object(App\Controllers\Productcontroller))
10 SYSTEMPATH\CodeIgniter.php(363): CodeIgniter\CodeIgniter->handleRequest(null, Object(Config\Cache), false)
11 SYSTEMPATH\Boot.php(417): CodeIgniter\CodeIgniter->run()
12 SYSTEMPATH\Boot.php(68): CodeIgniter\Boot::runCodeIgniter(Object(CodeIgniter\CodeIgniter))
13 FCPATH\index.php(59): CodeIgniter\Boot::bootWeb(Object(Config\Paths))
14 SYSTEMPATH\rewrite.php(44): require_once('C:\\laragon\\www\\POS_SYSTEM\\public\\index.php')
CRITICAL - 2026-09-20 20:59:19 --> CodeIgniter\Database\Exceptions\DatabaseException: Expression #2 of SELECT list is not in GROUP BY clause and contains nonaggregated column 'pos_system.category.category_name' which is not functionally dependent on columns in GROUP BY clause; this is incompatible with sql_mode=only_full_group_by
[Method: GET, Route: product/categories_navbar]
in SYSTEMPATH\Database\BaseConnection.php on line 863.
 1 SYSTEMPATH\Database\BaseBuilder.php(1647): CodeIgniter\Database\BaseConnection->query('SELECT `product`.`product_name`, `category`.`category_name`, `product`.`price`, `product`.`stock_quantity`
FROM `category`
JOIN `product` ON `product`.`category_id`=`category`.`category_id`
WHERE `category_name` LIKE :category_name: ESCAPE \'!\'
GROUP BY `product_name`
ORDER BY `product`.`created_at` DESC
 LIMIT 50', [...], false)
 2 SYSTEMPATH\Model.php(255): CodeIgniter\Database\BaseBuilder->get()
 3 SYSTEMPATH\BaseModel.php(676): CodeIgniter\Model->doFindAll(0, 0)
 4 APPPATH\Controllers\ProductController.php(80): CodeIgniter\BaseModel->findAll()
 5 SYSTEMPATH\CodeIgniter.php(974): App\Controllers\Productcontroller->categories_navbar()
 6 SYSTEMPATH\CodeIgniter.php(520): CodeIgniter\CodeIgniter->runController(Object(App\Controllers\Productcontroller))
 7 SYSTEMPATH\CodeIgniter.php(363): CodeIgniter\CodeIgniter->handleRequest(null, Object(Config\Cache), false)
 8 SYSTEMPATH\Boot.php(417): CodeIgniter\CodeIgniter->run()
 9 SYSTEMPATH\Boot.php(68): CodeIgniter\Boot::runCodeIgniter(Object(CodeIgniter\CodeIgniter))
10 FCPATH\index.php(59): CodeIgniter\Boot::bootWeb(Object(Config\Paths))
11 SYSTEMPATH\rewrite.php(44): require_once('C:\\laragon\\www\\POS_SYSTEM\\public\\index.php')
CRITICAL - 2026-09-20 20:59:19 --> [Caused by] CodeIgniter\Database\Exceptions\DatabaseException: Expression #2 of SELECT list is not in GROUP BY clause and contains nonaggregated column 'pos_system.category.category_name' which is not functionally dependent on columns in GROUP BY clause; this is incompatible with sql_mode=only_full_group_by
in SYSTEMPATH\Database\MySQLi\Connection.php on line 310.
 1 SYSTEMPATH\Database\BaseConnection.php(908): CodeIgniter\Database\MySQLi\Connection->execute('SELECT `product`.`product_name`, `category`.`category_name`, `product`.`price`, `product`.`stock_quantity`
FROM `category`
JOIN `product` ON `product`.`category_id`=`category`.`category_id`
WHERE `category_name` LIKE \'%Beverage%\' ESCAPE \'!\'
GROUP BY `product_name`
ORDER BY `product`.`created_at` DESC
 LIMIT 50')
 2 SYSTEMPATH\Database\BaseConnection.php(825): CodeIgniter\Database\BaseConnection->simpleQuery('SELECT `product`.`product_name`, `category`.`category_name`, `product`.`price`, `product`.`stock_quantity`
FROM `category`
JOIN `product` ON `product`.`category_id`=`category`.`category_id`
WHERE `category_name` LIKE \'%Beverage%\' ESCAPE \'!\'
GROUP BY `product_name`
ORDER BY `product`.`created_at` DESC
 LIMIT 50')
 3 SYSTEMPATH\Database\BaseBuilder.php(1647): CodeIgniter\Database\BaseConnection->query('SELECT `product`.`product_name`, `category`.`category_name`, `product`.`price`, `product`.`stock_quantity`
FROM `category`
JOIN `product` ON `product`.`category_id`=`category`.`category_id`
WHERE `category_name` LIKE :category_name: ESCAPE \'!\'
GROUP BY `product_name`
ORDER BY `product`.`created_at` DESC
 LIMIT 50', [...], false)
 4 SYSTEMPATH\Model.php(255): CodeIgniter\Database\BaseBuilder->get()
 5 SYSTEMPATH\BaseModel.php(676): CodeIgniter\Model->doFindAll(0, 0)
 6 APPPATH\Controllers\ProductController.php(80): CodeIgniter\BaseModel->findAll()
 7 SYSTEMPATH\CodeIgniter.php(974): App\Controllers\Productcontroller->categories_navbar()
 8 SYSTEMPATH\CodeIgniter.php(520): CodeIgniter\CodeIgniter->runController(Object(App\Controllers\Productcontroller))
 9 SYSTEMPATH\CodeIgniter.php(363): CodeIgniter\CodeIgniter->handleRequest(null, Object(Config\Cache), false)
10 SYSTEMPATH\Boot.php(417): CodeIgniter\CodeIgniter->run()
11 SYSTEMPATH\Boot.php(68): CodeIgniter\Boot::runCodeIgniter(Object(CodeIgniter\CodeIgniter))
12 FCPATH\index.php(59): CodeIgniter\Boot::bootWeb(Object(Config\Paths))
13 SYSTEMPATH\rewrite.php(44): require_once('C:\\laragon\\www\\POS_SYSTEM\\public\\index.php')
CRITICAL - 2026-09-20 20:59:19 --> [Caused by] mysqli_sql_exception: Expression #2 of SELECT list is not in GROUP BY clause and contains nonaggregated column 'pos_system.category.category_name' which is not functionally dependent on columns in GROUP BY clause; this is incompatible with sql_mode=only_full_group_by
in SYSTEMPATH\Database\MySQLi\Connection.php on line 300.
 1 SYSTEMPATH\Database\MySQLi\Connection.php(300): mysqli->query('SELECT `product`.`product_name`, `category`.`category_name`, `product`.`price`, `product`.`stock_quantity`
FROM `category`
JOIN `product` ON `product`.`category_id`=`category`.`category_id`
WHERE `category_name` LIKE \'%Beverage%\' ESCAPE \'!\'
GROUP BY `product_name`
ORDER BY `product`.`created_at` DESC
 LIMIT 50', 0)
 2 SYSTEMPATH\Database\BaseConnection.php(908): CodeIgniter\Database\MySQLi\Connection->execute('SELECT `product`.`product_name`, `category`.`category_name`, `product`.`price`, `product`.`stock_quantity`
FROM `category`
JOIN `product` ON `product`.`category_id`=`category`.`category_id`
WHERE `category_name` LIKE \'%Beverage%\' ESCAPE \'!\'
GROUP BY `product_name`
ORDER BY `product`.`created_at` DESC
 LIMIT 50')
 3 SYSTEMPATH\Database\BaseConnection.php(825): CodeIgniter\Database\BaseConnection->simpleQuery('SELECT `product`.`product_name`, `category`.`category_name`, `product`.`price`, `product`.`stock_quantity`
FROM `category`
JOIN `product` ON `product`.`category_id`=`category`.`category_id`
WHERE `category_name` LIKE \'%Beverage%\' ESCAPE \'!\'
GROUP BY `product_name`
ORDER BY `product`.`created_at` DESC
 LIMIT 50')
 4 SYSTEMPATH\Database\BaseBuilder.php(1647): CodeIgniter\Database\BaseConnection->query('SELECT `product`.`product_name`, `category`.`category_name`, `product`.`price`, `product`.`stock_quantity`
FROM `category`
JOIN `product` ON `product`.`category_id`=`category`.`category_id`
WHERE `category_name` LIKE :category_name: ESCAPE \'!\'
GROUP BY `product_name`
ORDER BY `product`.`created_at` DESC
 LIMIT 50', [...], false)
 5 SYSTEMPATH\Model.php(255): CodeIgniter\Database\BaseBuilder->get()
 6 SYSTEMPATH\BaseModel.php(676): CodeIgniter\Model->doFindAll(0, 0)
 7 APPPATH\Controllers\ProductController.php(80): CodeIgniter\BaseModel->findAll()
 8 SYSTEMPATH\CodeIgniter.php(974): App\Controllers\Productcontroller->categories_navbar()
 9 SYSTEMPATH\CodeIgniter.php(520): CodeIgniter\CodeIgniter->runController(Object(App\Controllers\Productcontroller))
10 SYSTEMPATH\CodeIgniter.php(363): CodeIgniter\CodeIgniter->handleRequest(null, Object(Config\Cache), false)
11 SYSTEMPATH\Boot.php(417): CodeIgniter\CodeIgniter->run()
12 SYSTEMPATH\Boot.php(68): CodeIgniter\Boot::runCodeIgniter(Object(CodeIgniter\CodeIgniter))
13 FCPATH\index.php(59): CodeIgniter\Boot::bootWeb(Object(Config\Paths))
14 SYSTEMPATH\rewrite.php(44): require_once('C:\\laragon\\www\\POS_SYSTEM\\public\\index.php')
ERROR - 2026-09-20 20:59:26 --> Expression #2 of SELECT list is not in GROUP BY clause and contains nonaggregated column 'pos_system.category.category_name' which is not functionally dependent on columns in GROUP BY clause; this is incompatible with sql_mode=only_full_group_by
in SYSTEMPATH\Database\MySQLi\Connection.php on line 300.
 1 SYSTEMPATH\Database\MySQLi\Connection.php(300): mysqli->query('SELECT `product`.`product_name`, `category`.`category_name`, `product`.`price`, `product`.`stock_quantity`
FROM `category`
JOIN `product` ON `product`.`category_id`=`category`.`category_id`
WHERE `category_name` LIKE \'%Beverage%\' ESCAPE \'!\'
GROUP BY `product_name`
ORDER BY `product`.`created_at` DESC
 LIMIT 50', 0)
 2 SYSTEMPATH\Database\BaseConnection.php(908): CodeIgniter\Database\MySQLi\Connection->execute('SELECT `product`.`product_name`, `category`.`category_name`, `product`.`price`, `product`.`stock_quantity`
FROM `category`
JOIN `product` ON `product`.`category_id`=`category`.`category_id`
WHERE `category_name` LIKE \'%Beverage%\' ESCAPE \'!\'
GROUP BY `product_name`
ORDER BY `product`.`created_at` DESC
 LIMIT 50')
 3 SYSTEMPATH\Database\BaseConnection.php(825): CodeIgniter\Database\BaseConnection->simpleQuery('SELECT `product`.`product_name`, `category`.`category_name`, `product`.`price`, `product`.`stock_quantity`
FROM `category`
JOIN `product` ON `product`.`category_id`=`category`.`category_id`
WHERE `category_name` LIKE \'%Beverage%\' ESCAPE \'!\'
GROUP BY `product_name`
ORDER BY `product`.`created_at` DESC
 LIMIT 50')
 4 SYSTEMPATH\Database\BaseBuilder.php(1647): CodeIgniter\Database\BaseConnection->query('SELECT `product`.`product_name`, `category`.`category_name`, `product`.`price`, `product`.`stock_quantity`
FROM `category`
JOIN `product` ON `product`.`category_id`=`category`.`category_id`
WHERE `category_name` LIKE :category_name: ESCAPE \'!\'
GROUP BY `product_name`
ORDER BY `product`.`created_at` DESC
 LIMIT 50', [...], false)
 5 SYSTEMPATH\Model.php(255): CodeIgniter\Database\BaseBuilder->get()
 6 SYSTEMPATH\BaseModel.php(676): CodeIgniter\Model->doFindAll(0, 0)
 7 APPPATH\Controllers\ProductController.php(80): CodeIgniter\BaseModel->findAll()
 8 SYSTEMPATH\CodeIgniter.php(974): App\Controllers\Productcontroller->categories_navbar()
 9 SYSTEMPATH\CodeIgniter.php(520): CodeIgniter\CodeIgniter->runController(Object(App\Controllers\Productcontroller))
10 SYSTEMPATH\CodeIgniter.php(363): CodeIgniter\CodeIgniter->handleRequest(null, Object(Config\Cache), false)
11 SYSTEMPATH\Boot.php(417): CodeIgniter\CodeIgniter->run()
12 SYSTEMPATH\Boot.php(68): CodeIgniter\Boot::runCodeIgniter(Object(CodeIgniter\CodeIgniter))
13 FCPATH\index.php(59): CodeIgniter\Boot::bootWeb(Object(Config\Paths))
14 SYSTEMPATH\rewrite.php(44): require_once('C:\\laragon\\www\\POS_SYSTEM\\public\\index.php')
CRITICAL - 2026-09-20 20:59:26 --> CodeIgniter\Database\Exceptions\DatabaseException: Expression #2 of SELECT list is not in GROUP BY clause and contains nonaggregated column 'pos_system.category.category_name' which is not functionally dependent on columns in GROUP BY clause; this is incompatible with sql_mode=only_full_group_by
[Method: GET, Route: product/categories_navbar]
in SYSTEMPATH\Database\BaseConnection.php on line 863.
 1 SYSTEMPATH\Database\BaseBuilder.php(1647): CodeIgniter\Database\BaseConnection->query('SELECT `product`.`product_name`, `category`.`category_name`, `product`.`price`, `product`.`stock_quantity`
FROM `category`
JOIN `product` ON `product`.`category_id`=`category`.`category_id`
WHERE `category_name` LIKE :category_name: ESCAPE \'!\'
GROUP BY `product_name`
ORDER BY `product`.`created_at` DESC
 LIMIT 50', [...], false)
 2 SYSTEMPATH\Model.php(255): CodeIgniter\Database\BaseBuilder->get()
 3 SYSTEMPATH\BaseModel.php(676): CodeIgniter\Model->doFindAll(0, 0)
 4 APPPATH\Controllers\ProductController.php(80): CodeIgniter\BaseModel->findAll()
 5 SYSTEMPATH\CodeIgniter.php(974): App\Controllers\Productcontroller->categories_navbar()
 6 SYSTEMPATH\CodeIgniter.php(520): CodeIgniter\CodeIgniter->runController(Object(App\Controllers\Productcontroller))
 7 SYSTEMPATH\CodeIgniter.php(363): CodeIgniter\CodeIgniter->handleRequest(null, Object(Config\Cache), false)
 8 SYSTEMPATH\Boot.php(417): CodeIgniter\CodeIgniter->run()
 9 SYSTEMPATH\Boot.php(68): CodeIgniter\Boot::runCodeIgniter(Object(CodeIgniter\CodeIgniter))
10 FCPATH\index.php(59): CodeIgniter\Boot::bootWeb(Object(Config\Paths))
11 SYSTEMPATH\rewrite.php(44): require_once('C:\\laragon\\www\\POS_SYSTEM\\public\\index.php')
CRITICAL - 2026-09-20 20:59:26 --> [Caused by] CodeIgniter\Database\Exceptions\DatabaseException: Expression #2 of SELECT list is not in GROUP BY clause and contains nonaggregated column 'pos_system.category.category_name' which is not functionally dependent on columns in GROUP BY clause; this is incompatible with sql_mode=only_full_group_by
in SYSTEMPATH\Database\MySQLi\Connection.php on line 310.
 1 SYSTEMPATH\Database\BaseConnection.php(908): CodeIgniter\Database\MySQLi\Connection->execute('SELECT `product`.`product_name`, `category`.`category_name`, `product`.`price`, `product`.`stock_quantity`
FROM `category`
JOIN `product` ON `product`.`category_id`=`category`.`category_id`
WHERE `category_name` LIKE \'%Beverage%\' ESCAPE \'!\'
GROUP BY `product_name`
ORDER BY `product`.`created_at` DESC
 LIMIT 50')
 2 SYSTEMPATH\Database\BaseConnection.php(825): CodeIgniter\Database\BaseConnection->simpleQuery('SELECT `product`.`product_name`, `category`.`category_name`, `product`.`price`, `product`.`stock_quantity`
FROM `category`
JOIN `product` ON `product`.`category_id`=`category`.`category_id`
WHERE `category_name` LIKE \'%Beverage%\' ESCAPE \'!\'
GROUP BY `product_name`
ORDER BY `product`.`created_at` DESC
 LIMIT 50')
 3 SYSTEMPATH\Database\BaseBuilder.php(1647): CodeIgniter\Database\BaseConnection->query('SELECT `product`.`product_name`, `category`.`category_name`, `product`.`price`, `product`.`stock_quantity`
FROM `category`
JOIN `product` ON `product`.`category_id`=`category`.`category_id`
WHERE `category_name` LIKE :category_name: ESCAPE \'!\'
GROUP BY `product_name`
ORDER BY `product`.`created_at` DESC
 LIMIT 50', [...], false)
 4 SYSTEMPATH\Model.php(255): CodeIgniter\Database\BaseBuilder->get()
 5 SYSTEMPATH\BaseModel.php(676): CodeIgniter\Model->doFindAll(0, 0)
 6 APPPATH\Controllers\ProductController.php(80): CodeIgniter\BaseModel->findAll()
 7 SYSTEMPATH\CodeIgniter.php(974): App\Controllers\Productcontroller->categories_navbar()
 8 SYSTEMPATH\CodeIgniter.php(520): CodeIgniter\CodeIgniter->runController(Object(App\Controllers\Productcontroller))
 9 SYSTEMPATH\CodeIgniter.php(363): CodeIgniter\CodeIgniter->handleRequest(null, Object(Config\Cache), false)
10 SYSTEMPATH\Boot.php(417): CodeIgniter\CodeIgniter->run()
11 SYSTEMPATH\Boot.php(68): CodeIgniter\Boot::runCodeIgniter(Object(CodeIgniter\CodeIgniter))
12 FCPATH\index.php(59): CodeIgniter\Boot::bootWeb(Object(Config\Paths))
13 SYSTEMPATH\rewrite.php(44): require_once('C:\\laragon\\www\\POS_SYSTEM\\public\\index.php')
CRITICAL - 2026-09-20 20:59:26 --> [Caused by] mysqli_sql_exception: Expression #2 of SELECT list is not in GROUP BY clause and contains nonaggregated column 'pos_system.category.category_name' which is not functionally dependent on columns in GROUP BY clause; this is incompatible with sql_mode=only_full_group_by
in SYSTEMPATH\Database\MySQLi\Connection.php on line 300.
 1 SYSTEMPATH\Database\MySQLi\Connection.php(300): mysqli->query('SELECT `product`.`product_name`, `category`.`category_name`, `product`.`price`, `product`.`stock_quantity`
FROM `category`
JOIN `product` ON `product`.`category_id`=`category`.`category_id`
WHERE `category_name` LIKE \'%Beverage%\' ESCAPE \'!\'
GROUP BY `product_name`
ORDER BY `product`.`created_at` DESC
 LIMIT 50', 0)
 2 SYSTEMPATH\Database\BaseConnection.php(908): CodeIgniter\Database\MySQLi\Connection->execute('SELECT `product`.`product_name`, `category`.`category_name`, `product`.`price`, `product`.`stock_quantity`
FROM `category`
JOIN `product` ON `product`.`category_id`=`category`.`category_id`
WHERE `category_name` LIKE \'%Beverage%\' ESCAPE \'!\'
GROUP BY `product_name`
ORDER BY `product`.`created_at` DESC
 LIMIT 50')
 3 SYSTEMPATH\Database\BaseConnection.php(825): CodeIgniter\Database\BaseConnection->simpleQuery('SELECT `product`.`product_name`, `category`.`category_name`, `product`.`price`, `product`.`stock_quantity`
FROM `category`
JOIN `product` ON `product`.`category_id`=`category`.`category_id`
WHERE `category_name` LIKE \'%Beverage%\' ESCAPE \'!\'
GROUP BY `product_name`
ORDER BY `product`.`created_at` DESC
 LIMIT 50')
 4 SYSTEMPATH\Database\BaseBuilder.php(1647): CodeIgniter\Database\BaseConnection->query('SELECT `product`.`product_name`, `category`.`category_name`, `product`.`price`, `product`.`stock_quantity`
FROM `category`
JOIN `product` ON `product`.`category_id`=`category`.`category_id`
WHERE `category_name` LIKE :category_name: ESCAPE \'!\'
GROUP BY `product_name`
ORDER BY `product`.`created_at` DESC
 LIMIT 50', [...], false)
 5 SYSTEMPATH\Model.php(255): CodeIgniter\Database\BaseBuilder->get()
 6 SYSTEMPATH\BaseModel.php(676): CodeIgniter\Model->doFindAll(0, 0)
 7 APPPATH\Controllers\ProductController.php(80): CodeIgniter\BaseModel->findAll()
 8 SYSTEMPATH\CodeIgniter.php(974): App\Controllers\Productcontroller->categories_navbar()
 9 SYSTEMPATH\CodeIgniter.php(520): CodeIgniter\CodeIgniter->runController(Object(App\Controllers\Productcontroller))
10 SYSTEMPATH\CodeIgniter.php(363): CodeIgniter\CodeIgniter->handleRequest(null, Object(Config\Cache), false)
11 SYSTEMPATH\Boot.php(417): CodeIgniter\CodeIgniter->run()
12 SYSTEMPATH\Boot.php(68): CodeIgniter\Boot::runCodeIgniter(Object(CodeIgniter\CodeIgniter))
13 FCPATH\index.php(59): CodeIgniter\Boot::bootWeb(Object(Config\Paths))
14 SYSTEMPATH\rewrite.php(44): require_once('C:\\laragon\\www\\POS_SYSTEM\\public\\index.php')
CRITICAL - 2026-09-20 21:01:36 --> ErrorException: Undefined array key "barcode"
[Method: GET, Route: product/categories_navbar]
in APPPATH\Views\Dashboard\Products.php on line 227.
 1 APPPATH\Views\Dashboard\Products.php(227): CodeIgniter\Debug\Exceptions->errorHandler(2, 'Undefined array key "barcode"', 'C:\\laragon\\www\\POS_SYSTEM\\app\\Views\\Dashboard\\Products.php', 227)
 2 SYSTEMPATH\View\View.php(240): include('C:\\laragon\\www\\POS_SYSTEM\\app\\Views\\Dashboard\\Products.php')
 3 SYSTEMPATH\View\View.php(243): CodeIgniter\View\View->CodeIgniter\View\{closure}()
 4 SYSTEMPATH\Common.php(1254): CodeIgniter\View\View->render('Dashboard/Products', [], true)
 5 APPPATH\Controllers\ProductController.php(81): view('Dashboard/Products', [...])
 6 SYSTEMPATH\CodeIgniter.php(974): App\Controllers\Productcontroller->categories_navbar()
 7 SYSTEMPATH\CodeIgniter.php(520): CodeIgniter\CodeIgniter->runController(Object(App\Controllers\Productcontroller))
 8 SYSTEMPATH\CodeIgniter.php(363): CodeIgniter\CodeIgniter->handleRequest(null, Object(Config\Cache), false)
 9 SYSTEMPATH\Boot.php(417): CodeIgniter\CodeIgniter->run()
10 SYSTEMPATH\Boot.php(68): CodeIgniter\Boot::runCodeIgniter(Object(CodeIgniter\CodeIgniter))
11 FCPATH\index.php(59): CodeIgniter\Boot::bootWeb(Object(Config\Paths))
12 SYSTEMPATH\rewrite.php(44): require_once('C:\\laragon\\www\\POS_SYSTEM\\public\\index.php')
ERROR - 2026-09-20 21:02:36 --> You have an error in your SQL syntax; check the manual that corresponds to your MySQL server version for the right syntax to use near '.`barcode`
FROM `category`
JOIN `product` ON `product`.`category_id`=`category`.' at line 1
in SYSTEMPATH\Database\MySQLi\Connection.php on line 300.
 1 SYSTEMPATH\Database\MySQLi\Connection.php(300): mysqli->query('SELECT `product`.`product_name`, `category`.`category_name`, `product`.`price`, `product`.`stock_quantity` `product`.`barcode`
FROM `category`
JOIN `product` ON `product`.`category_id`=`category`.`category_id`
WHERE `category_name` LIKE \'%Beverage%\' ESCAPE \'!\'
ORDER BY `product`.`created_at` DESC
 LIMIT 50', 0)
 2 SYSTEMPATH\Database\BaseConnection.php(908): CodeIgniter\Database\MySQLi\Connection->execute('SELECT `product`.`product_name`, `category`.`category_name`, `product`.`price`, `product`.`stock_quantity` `product`.`barcode`
FROM `category`
JOIN `product` ON `product`.`category_id`=`category`.`category_id`
WHERE `category_name` LIKE \'%Beverage%\' ESCAPE \'!\'
ORDER BY `product`.`created_at` DESC
 LIMIT 50')
 3 SYSTEMPATH\Database\BaseConnection.php(825): CodeIgniter\Database\BaseConnection->simpleQuery('SELECT `product`.`product_name`, `category`.`category_name`, `product`.`price`, `product`.`stock_quantity` `product`.`barcode`
FROM `category`
JOIN `product` ON `product`.`category_id`=`category`.`category_id`
WHERE `category_name` LIKE \'%Beverage%\' ESCAPE \'!\'
ORDER BY `product`.`created_at` DESC
 LIMIT 50')
 4 SYSTEMPATH\Database\BaseBuilder.php(1647): CodeIgniter\Database\BaseConnection->query('SELECT `product`.`product_name`, `category`.`category_name`, `product`.`price`, `product`.`stock_quantity` `product`.`barcode`
FROM `category`
JOIN `product` ON `product`.`category_id`=`category`.`category_id`
WHERE `category_name` LIKE :category_name: ESCAPE \'!\'
ORDER BY `product`.`created_at` DESC
 LIMIT 50', [...], false)
 5 SYSTEMPATH\Model.php(255): CodeIgniter\Database\BaseBuilder->get()
 6 SYSTEMPATH\BaseModel.php(676): CodeIgniter\Model->doFindAll(0, 0)
 7 APPPATH\Controllers\ProductController.php(80): CodeIgniter\BaseModel->findAll()
 8 SYSTEMPATH\CodeIgniter.php(974): App\Controllers\Productcontroller->categories_navbar()
 9 SYSTEMPATH\CodeIgniter.php(520): CodeIgniter\CodeIgniter->runController(Object(App\Controllers\Productcontroller))
10 SYSTEMPATH\CodeIgniter.php(363): CodeIgniter\CodeIgniter->handleRequest(null, Object(Config\Cache), false)
11 SYSTEMPATH\Boot.php(417): CodeIgniter\CodeIgniter->run()
12 SYSTEMPATH\Boot.php(68): CodeIgniter\Boot::runCodeIgniter(Object(CodeIgniter\CodeIgniter))
13 FCPATH\index.php(59): CodeIgniter\Boot::bootWeb(Object(Config\Paths))
14 SYSTEMPATH\rewrite.php(44): require_once('C:\\laragon\\www\\POS_SYSTEM\\public\\index.php')
CRITICAL - 2026-09-20 21:02:36 --> CodeIgniter\Database\Exceptions\DatabaseException: You have an error in your SQL syntax; check the manual that corresponds to your MySQL server version for the right syntax to use near '.`barcode`
FROM `category`
JOIN `product` ON `product`.`category_id`=`category`.' at line 1
[Method: GET, Route: product/categories_navbar]
in SYSTEMPATH\Database\BaseConnection.php on line 863.
 1 SYSTEMPATH\Database\BaseBuilder.php(1647): CodeIgniter\Database\BaseConnection->query('SELECT `product`.`product_name`, `category`.`category_name`, `product`.`price`, `product`.`stock_quantity` `product`.`barcode`
FROM `category`
JOIN `product` ON `product`.`category_id`=`category`.`category_id`
WHERE `category_name` LIKE :category_name: ESCAPE \'!\'
ORDER BY `product`.`created_at` DESC
 LIMIT 50', [...], false)
 2 SYSTEMPATH\Model.php(255): CodeIgniter\Database\BaseBuilder->get()
 3 SYSTEMPATH\BaseModel.php(676): CodeIgniter\Model->doFindAll(0, 0)
 4 APPPATH\Controllers\ProductController.php(80): CodeIgniter\BaseModel->findAll()
 5 SYSTEMPATH\CodeIgniter.php(974): App\Controllers\Productcontroller->categories_navbar()
 6 SYSTEMPATH\CodeIgniter.php(520): CodeIgniter\CodeIgniter->runController(Object(App\Controllers\Productcontroller))
 7 SYSTEMPATH\CodeIgniter.php(363): CodeIgniter\CodeIgniter->handleRequest(null, Object(Config\Cache), false)
 8 SYSTEMPATH\Boot.php(417): CodeIgniter\CodeIgniter->run()
 9 SYSTEMPATH\Boot.php(68): CodeIgniter\Boot::runCodeIgniter(Object(CodeIgniter\CodeIgniter))
10 FCPATH\index.php(59): CodeIgniter\Boot::bootWeb(Object(Config\Paths))
11 SYSTEMPATH\rewrite.php(44): require_once('C:\\laragon\\www\\POS_SYSTEM\\public\\index.php')
CRITICAL - 2026-09-20 21:02:36 --> [Caused by] CodeIgniter\Database\Exceptions\DatabaseException: You have an error in your SQL syntax; check the manual that corresponds to your MySQL server version for the right syntax to use near '.`barcode`
FROM `category`
JOIN `product` ON `product`.`category_id`=`category`.' at line 1
in SYSTEMPATH\Database\MySQLi\Connection.php on line 310.
 1 SYSTEMPATH\Database\BaseConnection.php(908): CodeIgniter\Database\MySQLi\Connection->execute('SELECT `product`.`product_name`, `category`.`category_name`, `product`.`price`, `product`.`stock_quantity` `product`.`barcode`
FROM `category`
JOIN `product` ON `product`.`category_id`=`category`.`category_id`
WHERE `category_name` LIKE \'%Beverage%\' ESCAPE \'!\'
ORDER BY `product`.`created_at` DESC
 LIMIT 50')
 2 SYSTEMPATH\Database\BaseConnection.php(825): CodeIgniter\Database\BaseConnection->simpleQuery('SELECT `product`.`product_name`, `category`.`category_name`, `product`.`price`, `product`.`stock_quantity` `product`.`barcode`
FROM `category`
JOIN `product` ON `product`.`category_id`=`category`.`category_id`
WHERE `category_name` LIKE \'%Beverage%\' ESCAPE \'!\'
ORDER BY `product`.`created_at` DESC
 LIMIT 50')
 3 SYSTEMPATH\Database\BaseBuilder.php(1647): CodeIgniter\Database\BaseConnection->query('SELECT `product`.`product_name`, `category`.`category_name`, `product`.`price`, `product`.`stock_quantity` `product`.`barcode`
FROM `category`
JOIN `product` ON `product`.`category_id`=`category`.`category_id`
WHERE `category_name` LIKE :category_name: ESCAPE \'!\'
ORDER BY `product`.`created_at` DESC
 LIMIT 50', [...], false)
 4 SYSTEMPATH\Model.php(255): CodeIgniter\Database\BaseBuilder->get()
 5 SYSTEMPATH\BaseModel.php(676): CodeIgniter\Model->doFindAll(0, 0)
 6 APPPATH\Controllers\ProductController.php(80): CodeIgniter\BaseModel->findAll()
 7 SYSTEMPATH\CodeIgniter.php(974): App\Controllers\Productcontroller->categories_navbar()
 8 SYSTEMPATH\CodeIgniter.php(520): CodeIgniter\CodeIgniter->runController(Object(App\Controllers\Productcontroller))
 9 SYSTEMPATH\CodeIgniter.php(363): CodeIgniter\CodeIgniter->handleRequest(null, Object(Config\Cache), false)
10 SYSTEMPATH\Boot.php(417): CodeIgniter\CodeIgniter->run()
11 SYSTEMPATH\Boot.php(68): CodeIgniter\Boot::runCodeIgniter(Object(CodeIgniter\CodeIgniter))
12 FCPATH\index.php(59): CodeIgniter\Boot::bootWeb(Object(Config\Paths))
13 SYSTEMPATH\rewrite.php(44): require_once('C:\\laragon\\www\\POS_SYSTEM\\public\\index.php')
CRITICAL - 2026-09-20 21:02:36 --> [Caused by] mysqli_sql_exception: You have an error in your SQL syntax; check the manual that corresponds to your MySQL server version for the right syntax to use near '.`barcode`
FROM `category`
JOIN `product` ON `product`.`category_id`=`category`.' at line 1
in SYSTEMPATH\Database\MySQLi\Connection.php on line 300.
 1 SYSTEMPATH\Database\MySQLi\Connection.php(300): mysqli->query('SELECT `product`.`product_name`, `category`.`category_name`, `product`.`price`, `product`.`stock_quantity` `product`.`barcode`
FROM `category`
JOIN `product` ON `product`.`category_id`=`category`.`category_id`
WHERE `category_name` LIKE \'%Beverage%\' ESCAPE \'!\'
ORDER BY `product`.`created_at` DESC
 LIMIT 50', 0)
 2 SYSTEMPATH\Database\BaseConnection.php(908): CodeIgniter\Database\MySQLi\Connection->execute('SELECT `product`.`product_name`, `category`.`category_name`, `product`.`price`, `product`.`stock_quantity` `product`.`barcode`
FROM `category`
JOIN `product` ON `product`.`category_id`=`category`.`category_id`
WHERE `category_name` LIKE \'%Beverage%\' ESCAPE \'!\'
ORDER BY `product`.`created_at` DESC
 LIMIT 50')
 3 SYSTEMPATH\Database\BaseConnection.php(825): CodeIgniter\Database\BaseConnection->simpleQuery('SELECT `product`.`product_name`, `category`.`category_name`, `product`.`price`, `product`.`stock_quantity` `product`.`barcode`
FROM `category`
JOIN `product` ON `product`.`category_id`=`category`.`category_id`
WHERE `category_name` LIKE \'%Beverage%\' ESCAPE \'!\'
ORDER BY `product`.`created_at` DESC
 LIMIT 50')
 4 SYSTEMPATH\Database\BaseBuilder.php(1647): CodeIgniter\Database\BaseConnection->query('SELECT `product`.`product_name`, `category`.`category_name`, `product`.`price`, `product`.`stock_quantity` `product`.`barcode`
FROM `category`
JOIN `product` ON `product`.`category_id`=`category`.`category_id`
WHERE `category_name` LIKE :category_name: ESCAPE \'!\'
ORDER BY `product`.`created_at` DESC
 LIMIT 50', [...], false)
 5 SYSTEMPATH\Model.php(255): CodeIgniter\Database\BaseBuilder->get()
 6 SYSTEMPATH\BaseModel.php(676): CodeIgniter\Model->doFindAll(0, 0)
 7 APPPATH\Controllers\ProductController.php(80): CodeIgniter\BaseModel->findAll()
 8 SYSTEMPATH\CodeIgniter.php(974): App\Controllers\Productcontroller->categories_navbar()
 9 SYSTEMPATH\CodeIgniter.php(520): CodeIgniter\CodeIgniter->runController(Object(App\Controllers\Productcontroller))
10 SYSTEMPATH\CodeIgniter.php(363): CodeIgniter\CodeIgniter->handleRequest(null, Object(Config\Cache), false)
11 SYSTEMPATH\Boot.php(417): CodeIgniter\CodeIgniter->run()
12 SYSTEMPATH\Boot.php(68): CodeIgniter\Boot::runCodeIgniter(Object(CodeIgniter\CodeIgniter))
13 FCPATH\index.php(59): CodeIgniter\Boot::bootWeb(Object(Config\Paths))
14 SYSTEMPATH\rewrite.php(44): require_once('C:\\laragon\\www\\POS_SYSTEM\\public\\index.php')
CRITICAL - 2026-09-20 21:05:09 --> ErrorException: Undefined array key "barcode"
[Method: GET, Route: product/categories_navbar]
in APPPATH\Views\Dashboard\Products.php on line 227.
 1 APPPATH\Views\Dashboard\Products.php(227): CodeIgniter\Debug\Exceptions->errorHandler(2, 'Undefined array key "barcode"', 'C:\\laragon\\www\\POS_SYSTEM\\app\\Views\\Dashboard\\Products.php', 227)
 2 SYSTEMPATH\View\View.php(240): include('C:\\laragon\\www\\POS_SYSTEM\\app\\Views\\Dashboard\\Products.php')
 3 SYSTEMPATH\View\View.php(243): CodeIgniter\View\View->CodeIgniter\View\{closure}()
 4 SYSTEMPATH\Common.php(1254): CodeIgniter\View\View->render('Dashboard/Products', [], true)
 5 APPPATH\Controllers\ProductController.php(82): view('Dashboard/Products', [...])
 6 SYSTEMPATH\CodeIgniter.php(974): App\Controllers\Productcontroller->categories_navbar()
 7 SYSTEMPATH\CodeIgniter.php(520): CodeIgniter\CodeIgniter->runController(Object(App\Controllers\Productcontroller))
 8 SYSTEMPATH\CodeIgniter.php(363): CodeIgniter\CodeIgniter->handleRequest(null, Object(Config\Cache), false)
 9 SYSTEMPATH\Boot.php(417): CodeIgniter\CodeIgniter->run()
10 SYSTEMPATH\Boot.php(68): CodeIgniter\Boot::runCodeIgniter(Object(CodeIgniter\CodeIgniter))
11 FCPATH\index.php(59): CodeIgniter\Boot::bootWeb(Object(Config\Paths))
12 SYSTEMPATH\rewrite.php(44): require_once('C:\\laragon\\www\\POS_SYSTEM\\public\\index.php')
CRITICAL - 2026-09-20 21:08:25 --> ErrorException: Undefined array key "barcode"
[Method: GET, Route: product/categories_navbar]
in APPPATH\Views\Dashboard\Products.php on line 227.
 1 APPPATH\Views\Dashboard\Products.php(227): CodeIgniter\Debug\Exceptions->errorHandler(2, 'Undefined array key "barcode"', 'C:\\laragon\\www\\POS_SYSTEM\\app\\Views\\Dashboard\\Products.php', 227)
 2 SYSTEMPATH\View\View.php(240): include('C:\\laragon\\www\\POS_SYSTEM\\app\\Views\\Dashboard\\Products.php')
 3 SYSTEMPATH\View\View.php(243): CodeIgniter\View\View->CodeIgniter\View\{closure}()
 4 SYSTEMPATH\Common.php(1254): CodeIgniter\View\View->render('Dashboard/Products', [], true)
 5 APPPATH\Controllers\ProductController.php(82): view('Dashboard/Products', [...])
 6 SYSTEMPATH\CodeIgniter.php(974): App\Controllers\Productcontroller->categories_navbar()
 7 SYSTEMPATH\CodeIgniter.php(520): CodeIgniter\CodeIgniter->runController(Object(App\Controllers\Productcontroller))
 8 SYSTEMPATH\CodeIgniter.php(363): CodeIgniter\CodeIgniter->handleRequest(null, Object(Config\Cache), false)
 9 SYSTEMPATH\Boot.php(417): CodeIgniter\CodeIgniter->run()
10 SYSTEMPATH\Boot.php(68): CodeIgniter\Boot::runCodeIgniter(Object(CodeIgniter\CodeIgniter))
11 FCPATH\index.php(59): CodeIgniter\Boot::bootWeb(Object(Config\Paths))
12 SYSTEMPATH\rewrite.php(44): require_once('C:\\laragon\\www\\POS_SYSTEM\\public\\index.php')
DEBUG - 2026-09-20 21:14:20 --> Session: Class initialized using 'CodeIgniter\Session\Handlers\FileHandler' driver.
DEBUG - 2026-09-20 21:49:14 --> Session: Class initialized using 'CodeIgniter\Session\Handlers\FileHandler' driver.
